ID_Employe,Age,Sexe,Departement,Annees_Experience,Niveau_Etudes,Salaire_Mensuel_BIF,Travail_A_Distance,Heures_Supplementaires,Heures_Formation,Anciennete_Entreprise,Nombre_Promotions,Evaluation_Performance,Equilibre_Vie_Travail,Satisfaction_Salaire,Nombre_Absences,Satisfait,Salaire_Annuel_BIF,Tranche_Age
1,58.0,Homme,Marketing,12.0,3.0,2804177.0,Oui,13.0,95.0,8.0,0.0,3.0,4.0,2.0,16.0,1,33650124.0,51-60
2,48.0,Femme,Marketing,9.0,4.0,6000000.0,Non,12.0,48.0,10.0,4.0,1.0,3.0,3.0,8.0,0,72000000.0,41-50
3,34.0,Femme,Administration,16.0,3.0,4147951.0,Non,6.0,6.0,1.0,0.0,5.0,4.0,3.0,13.0,0,49775412.0,31-40
4,27.0,Femme,Production,3.0,3.0,896874.0,Non,14.0,109.0,2.0,0.0,5.0,3.0,1.0,16.0,0,10762488.0,20-30
5,43.0,Femme,Administration,11.0,4.0,3062453.0,Non,18.0,58.0,11.0,2.0,3.0,4.0,5.0,28.0,1,36749436.0,41-50
6,58.0,Femme,Production,18.0,3.0,2658571.0,Non,34.0,91.0,11.0,2.0,2.0,4.0,2.0,30.0,0,31902852.0,51-60
7,38.0,Homme,Production,11.0,2.0,1697179.0,Non,19.0,53.0,8.0,1.0,3.0,4.0,4.0,3.0,1,20366148.0,31-40
8,42.0,Homme,Commercial,8.0,2.0,1635366.0,Non,34.0,104.0,4.0,1.0,5.0,3.0,4.0,17.0,1,19624392.0,41-50
9,30.0,Homme,Commercial,6.0,3.0,1890079.0,Oui,18.0,86.0,1.0,1.0,3.0,4.0,2.0,26.0,0,22680948.0,20-30
10,30.0,Femme,Ressources Humaines,11.0,3.0,2414085.0,Non,19.0,44.0,5.0,0.0,1.0,4.0,4.0,19.0,1,28969020.0,20-30
11,43.0,Homme,Support Client,13.0,3.0,2280917.0,Non,35.0,22.0,3.0,0.0,3.0,4.0,1.0,23.0,0,27371004.0,41-50
12,55.0,Femme,Support Client,30.0,3.0,4040781.0,Non,34.0,58.0,11.0,1.0,2.0,5.0,3.0,23.0,1,48489372.0,51-60
13,21.0,Femme,Informatique,35.0,3.0,6000000.0,Non,31.0,27.0,15.0,0.0,1.0,4.0,1.0,14.0,0,72000000.0,20-30
14,43.0,Femme,Support Client,25.0,4.0,4945462.0,Non,39.0,106.0,20.0,4.0,4.0,3.0,5.0,10.0,1,59345544.0,41-50
15,22.0,Homme,Commercial,4.0,4.0,1567736.0,Non,19.0,110.0,3.0,1.0,5.0,3.0,5.0,11.0,1,18812832.0,20-30
16,43.0,Femme,Ressources Humaines,4.0,3.0,1262483.0,Non,16.0,56.0,1.0,0.0,5.0,4.0,2.0,8.0,1,15149796.0,41-50
17,21.0,Homme,Ressources Humaines,2.0,4.0,1157946.0,Non,6.0,25.0,1.0,1.0,3.0,4.0,2.0,12.0,0,13895352.0,20-30
18,43.0,Femme,Production,11.0,4.0,2721797.0,Oui,0.0,24.0,0.0,0.0,1.0,3.0,4.0,14.0,1,32661564.0,41-50
19,49.0,Homme,Administration,24.0,3.0,4720236.0,Non,19.0,53.0,20.0,3.0,4.0,4.0,2.0,26.0,1,56642832.0,41-50
20,43.0,Homme,Informatique,20.0,4.0,5771090.0,Non,31.0,28.0,2.0,0.0,1.0,4.0,5.0,14.0,0,69253080.0,41-50
21,21.0,Femme,Production,3.0,3.0,1005815.0,Non,35.0,82.0,3.0,2.0,5.0,4.0,4.0,27.0,1,12069780.0,20-30
22,40.0,Homme,Administration,20.0,4.0,4505087.0,Oui,12.0,96.0,1.0,1.0,1.0,5.0,3.0,4.0,1,54061044.0,31-40
23,52.0,Homme,Support Client,9.0,3.0,3112567.0,Non,5.0,35.0,8.0,2.0,4.0,5.0,4.0,22.0,1,37350804.0,51-60
24,31.0,Femme,Production,8.0,3.0,1660885.0,Non,13.0,13.0,3.0,0.0,3.0,4.0,3.0,18.0,0,19930620.0,31-40
25,41.0,Femme,Finance,6.0,3.0,2081193.0,Oui,36.0,77.0,6.0,3.0,2.0,4.0,5.0,25.0,1,24974316.0,41-50
26,44.0,Homme,Support Client,12.0,4.0,2864731.0,Non,14.0,58.0,1.0,0.0,1.0,3.0,5.0,19.0,0,34376772.0,41-50
27,46.0,Femme,Administration,20.0,4.0,4947611.0,Non,3.0,29.0,10.0,4.0,2.0,3.0,2.0,25.0,0,59371332.0,41-50
28,47.0,Femme,Informatique,9.0,3.0,2803784.0,Non,39.0,91.0,8.0,2.0,5.0,4.0,1.0,24.0,0,33645408.0,41-50
29,35.0,Homme,Administration,6.0,3.0,1244979.0,Non,15.0,16.0,6.0,0.0,3.0,4.0,5.0,25.0,0,14939748.0,31-40
30,34.0,Homme,Production,13.0,4.0,2871628.0,Non,27.0,66.0,5.0,2.0,3.0,5.0,5.0,25.0,1,34459536.0,31-40
31,22.0,Homme,Production,1.0,2.0,393434.0,Non,15.0,79.0,0.0,1.0,1.0,5.0,1.0,13.0,1,4721208.0,20-30
32,56.0,Femme,Marketing,4.0,3.0,1438257.0,Non,3.0,109.0,4.0,2.0,3.0,4.0,4.0,27.0,0,17259084.0,51-60
33,26.0,Femme,Informatique,2.0,4.0,2131324.0,Oui,25.0,29.0,2.0,1.0,1.0,3.0,3.0,16.0,0,25575888.0,20-30
34,43.0,Homme,Recherche et Développement,22.0,3.0,5329119.0,Oui,27.0,115.0,14.0,1.0,1.0,3.0,2.0,17.0,0,63949428.0,41-50
35,28.0,Homme,Support Client,10.0,2.0,2131324.0,Non,31.0,92.0,10.0,4.0,2.0,4.0,5.0,20.0,1,25575888.0,20-30
36,58.0,Femme,Ressources Humaines,10.0,3.0,2510329.0,Oui,1.0,44.0,2.0,0.0,3.0,4.0,2.0,2.0,1,30123948.0,51-60
37,37.0,Homme,Informatique,17.0,3.0,4275775.0,Non,30.0,78.0,0.0,0.0,3.0,4.0,5.0,1.0,1,51309300.0,31-40
38,23.0,Femme,Ressources Humaines,3.0,5.0,1418412.0,Non,2.0,109.0,3.0,1.0,2.0,4.0,3.0,0.0,1,17020944.0,20-30
39,44.0,Homme,Informatique,9.0,3.0,2643409.0,Non,7.0,119.0,1.0,1.0,4.0,4.0,4.0,9.0,1,31720908.0,41-50
40,33.0,Femme,Informatique,9.0,4.0,3407046.0,Non,23.0,58.0,1.0,1.0,2.0,3.0,2.0,18.0,0,40884552.0,31-40
41,43.0,Homme,Administration,9.0,3.0,2192925.0,Non,14.0,50.0,2.0,0.0,2.0,4.0,3.0,16.0,1,26315100.0,41-50
42,43.0,Femme,Informatique,11.0,3.0,3025794.0,Non,30.0,101.0,7.0,3.0,1.0,3.0,4.0,15.0,1,36309528.0,41-50
43,21.0,Femme,Marketing,9.0,2.0,352710.0,Non,8.0,105.0,0.0,1.0,5.0,4.0,2.0,0.0,1,4232520.0,20-30
44,39.0,Femme,Production,5.0,3.0,1729469.0,Oui,38.0,46.0,3.0,2.0,5.0,3.0,3.0,11.0,0,20753628.0,31-40
45,47.0,Femme,Production,6.0,2.0,963979.0,Non,1.0,52.0,6.0,0.0,5.0,4.0,3.0,16.0,0,11567748.0,41-50
46,26.0,Femme,Production,7.0,4.0,1963453.0,Non,7.0,63.0,6.0,2.0,2.0,4.0,1.0,23.0,0,23561436.0,20-30
47,27.0,Femme,Ressources Humaines,9.0,4.0,2990105.0,Non,6.0,117.0,5.0,0.0,1.0,3.0,4.0,30.0,0,35881260.0,20-30
48,54.0,Homme,Production,8.0,3.0,1469248.0,Non,19.0,115.0,8.0,3.0,3.0,4.0,3.0,2.0,1,17630976.0,51-60
49,33.0,Femme,Logistique,1.0,4.0,783169.0,Oui,15.0,37.0,1.0,1.0,2.0,4.0,4.0,10.0,1,9398028.0,31-40
50,36.0,Femme,Recherche et Développement,1.0,4.0,970891.0,Non,34.0,63.0,1.0,0.0,2.0,3.0,3.0,16.0,0,11650692.0,31-40
51,55.0,Homme,Recherche et Développement,4.0,3.0,1076223.0,Non,29.0,86.0,0.0,0.0,1.0,3.0,3.0,22.0,0,12914676.0,51-60
52,59.0,Femme,Ressources Humaines,28.0,3.0,5168567.0,Non,9.0,88.0,7.0,0.0,4.0,4.0,2.0,25.0,1,62022804.0,51-60
53,23.0,Femme,Ressources Humaines,4.0,3.0,1165604.0,Non,37.0,105.0,2.0,1.0,2.0,4.0,3.0,2.0,0,13987248.0,20-30
54,21.0,Femme,Recherche et Développement,1.0,3.0,873784.0,Non,19.0,58.0,1.0,1.0,4.0,5.0,3.0,7.0,1,10485408.0,20-30
55,25.0,Homme,Logistique,2.0,2.0,519448.0,Non,4.0,21.0,1.0,0.0,4.0,4.0,4.0,19.0,1,6233376.0,20-30
56,23.0,Homme,Informatique,4.0,2.0,918336.0,Non,28.0,80.0,0.0,0.0,5.0,4.0,4.0,3.0,1,11020032.0,20-30
57,48.0,Femme,Support Client,0.0,3.0,359760.0,Non,38.0,81.0,0.0,1.0,1.0,4.0,3.0,20.0,0,4317120.0,41-50
58,37.0,Femme,Production,19.0,3.0,5208630.0,Non,33.0,112.0,14.0,2.0,4.0,4.0,1.0,21.0,0,62503560.0,31-40
59,45.0,Homme,Production,16.0,4.0,3369738.0,Oui,22.0,40.0,5.0,0.0,1.0,3.0,2.0,6.0,0,40436856.0,41-50
60,53.0,Femme,Administration,6.0,4.0,2230929.0,Non,4.0,73.0,6.0,1.0,5.0,4.0,2.0,13.0,1,26771148.0,51-60
61,29.0,Femme,Production,8.0,4.0,2345027.0,Non,29.0,9.0,4.0,2.0,1.0,4.0,2.0,13.0,0,28140324.0,20-30
62,55.0,Homme,Administration,3.0,3.0,962412.0,Oui,5.0,56.0,2.0,1.0,2.0,3.0,3.0,3.0,1,11548944.0,51-60
63,33.0,Femme,Logistique,3.0,4.0,1066341.0,Oui,3.0,6.0,0.0,0.0,4.0,4.0,2.0,15.0,0,12796092.0,31-40
64,50.0,Homme,Administration,5.0,2.0,1049551.0,Non,28.0,111.0,4.0,2.0,3.0,3.0,2.0,23.0,0,12594612.0,41-50
65,34.0,Homme,Ressources Humaines,11.0,2.0,1629767.0,Non,22.0,49.0,4.0,1.0,3.0,5.0,1.0,28.0,0,19557204.0,31-40
66,27.0,Homme,Support Client,9.0,3.0,899542.0,Non,5.0,101.0,5.0,0.0,1.0,4.0,1.0,21.0,0,10794504.0,20-30
67,33.0,Femme,Support Client,6.0,3.0,1265788.0,Non,31.0,90.0,3.0,1.0,4.0,4.0,2.0,29.0,1,15189456.0,31-40
68,42.0,Homme,Ressources Humaines,9.0,3.0,2085536.0,Oui,17.0,51.0,3.0,2.0,5.0,3.0,2.0,0.0,1,25026432.0,41-50
69,59.0,Homme,Production,25.0,4.0,6000000.0,Oui,14.0,32.0,11.0,3.0,5.0,4.0,3.0,16.0,1,72000000.0,51-60
70,40.0,Homme,Logistique,18.0,3.0,3273162.0,Oui,39.0,0.0,3.0,4.0,4.0,3.0,3.0,24.0,0,39277944.0,31-40
71,35.0,Femme,Marketing,6.0,3.0,1557311.0,Oui,31.0,107.0,6.0,0.0,2.0,3.0,2.0,9.0,0,18687732.0,31-40
72,37.0,Femme,Marketing,2.0,3.0,1023963.0,Oui,8.0,52.0,0.0,1.0,2.0,4.0,3.0,21.0,1,12287556.0,31-40
73,43.0,Homme,Production,12.0,4.0,3296199.0,Non,36.0,59.0,2.0,1.0,5.0,3.0,3.0,15.0,1,39554388.0,41-50
74,45.0,Homme,Recherche et Développement,12.0,4.0,4121423.0,Non,9.0,33.0,11.0,0.0,3.0,4.0,2.0,15.0,1,49457076.0,41-50
75,44.0,Femme,Production,9.0,3.0,3029565.0,Oui,19.0,3.0,12.0,5.0,4.0,3.0,1.0,25.0,0,36354780.0,41-50
76,60.0,Homme,Recherche et Développement,27.0,3.0,5451154.0,Oui,5.0,16.0,14.0,1.0,2.0,4.0,3.0,7.0,1,65413848.0,51-60
77,48.0,Homme,Finance,29.0,3.0,6000000.0,Non,2.0,3.0,17.0,3.0,5.0,3.0,3.0,28.0,1,72000000.0,41-50
78,34.0,Homme,Administration,9.0,2.0,1280531.0,Oui,10.0,42.0,2.0,1.0,2.0,5.0,2.0,6.0,1,15366372.0,31-40
79,20.0,Homme,Recherche et Développement,0.0,3.0,578366.0,Non,16.0,117.0,0.0,0.0,5.0,3.0,2.0,27.0,0,6940392.0,20-30
80,44.0,Homme,Ressources Humaines,8.0,3.0,1566815.0,Non,31.0,89.0,0.0,0.0,1.0,3.0,5.0,5.0,1,18801780.0,41-50
81,26.0,Homme,Production,6.0,2.0,1299653.0,Non,3.0,3.0,5.0,2.0,3.0,4.0,2.0,15.0,0,15595836.0,20-30
82,28.0,Homme,Logistique,0.0,3.0,2131324.0,Non,3.0,0.0,0.0,1.0,1.0,4.0,2.0,19.0,0,25575888.0,20-30
83,43.0,Femme,Administration,2.0,3.0,1012407.0,Oui,16.0,70.0,2.0,1.0,5.0,4.0,5.0,15.0,1,12148884.0,41-50
84,20.0,Homme,Finance,0.0,3.0,593670.0,Non,40.0,93.0,0.0,1.0,3.0,5.0,4.0,6.0,1,7124040.0,20-30
85,27.0,Femme,Recherche et Développement,8.0,3.0,2273113.0,Non,18.0,49.0,6.0,3.0,3.0,3.0,3.0,8.0,1,27277356.0,20-30
86,43.0,Femme,Finance,16.0,3.0,3705437.0,Non,4.0,72.0,1.0,1.0,5.0,4.0,3.0,13.0,0,44465244.0,41-50
87,30.0,Homme,Logistique,8.0,3.0,1779815.0,Oui,31.0,60.0,7.0,3.0,5.0,4.0,2.0,10.0,0,21357780.0,20-30
88,36.0,Femme,Marketing,0.0,2.0,329568.0,Non,21.0,34.0,0.0,1.0,2.0,4.0,1.0,25.0,0,3954816.0,31-40
89,27.0,Homme,Support Client,5.0,3.0,868188.0,Non,19.0,7.0,5.0,1.0,5.0,4.0,4.0,30.0,1,10418256.0,20-30
90,54.0,Femme,Logistique,5.0,4.0,1786805.0,Non,34.0,23.0,5.0,2.0,4.0,4.0,1.0,13.0,0,21441660.0,51-60
91,54.0,Homme,Commercial,31.0,4.0,6000000.0,Non,21.0,58.0,13.0,1.0,5.0,4.0,3.0,6.0,1,72000000.0,51-60
92,52.0,Homme,Logistique,20.0,4.0,2131324.0,Non,0.0,35.0,3.0,1.0,4.0,4.0,5.0,0.0,1,25575888.0,51-60
93,24.0,Homme,Finance,5.0,3.0,1482042.0,Non,19.0,49.0,4.0,2.0,5.0,4.0,5.0,25.0,1,17784504.0,20-30
94,58.0,Femme,Ressources Humaines,20.0,4.0,5300668.0,Non,21.0,115.0,7.0,0.0,2.0,3.0,2.0,24.0,0,63608016.0,51-60
95,60.0,Homme,Production,10.0,3.0,2281796.0,Non,10.0,42.0,3.0,1.0,4.0,3.0,4.0,12.0,1,27381552.0,51-60
96,47.0,Femme,Ressources Humaines,27.0,4.0,6000000.0,Non,12.0,26.0,18.0,6.0,1.0,3.0,3.0,19.0,1,72000000.0,41-50
97,26.0,Homme,Finance,4.0,3.0,1171667.0,Non,2.0,31.0,2.0,0.0,4.0,4.0,5.0,30.0,1,14060004.0,20-30
98,28.0,Femme,Production,3.0,2.0,746913.0,Non,8.0,77.0,3.0,2.0,3.0,4.0,2.0,2.0,1,8962956.0,20-30
99,27.0,Homme,Production,2.0,2.0,709113.0,Non,11.0,120.0,0.0,0.0,4.0,4.0,1.0,19.0,1,8509356.0,20-30
100,31.0,Femme,Support Client,2.0,4.0,809365.0,Non,22.0,17.0,0.0,1.0,5.0,4.0,2.0,3.0,0,9712380.0,31-40
101,53.0,Homme,Administration,19.0,3.0,3601750.0,Non,13.0,27.0,7.0,0.0,5.0,3.0,3.0,15.0,0,43221000.0,51-60
102,52.0,Homme,Production,17.0,3.0,3717969.0,Non,32.0,28.0,13.0,2.0,2.0,4.0,3.0,25.0,0,44615628.0,51-60
103,42.0,Homme,Recherche et Développement,14.0,3.0,4057046.0,Non,17.0,15.0,3.0,1.0,3.0,5.0,4.0,10.0,1,48684552.0,41-50
104,43.0,Homme,Production,9.0,4.0,2789892.0,Non,40.0,98.0,5.0,0.0,5.0,4.0,4.0,1.0,0,33478704.0,41-50
105,56.0,Femme,Finance,13.0,4.0,2131324.0,Non,8.0,46.0,6.0,2.0,1.0,4.0,2.0,13.0,0,25575888.0,51-60
106,54.0,Homme,Production,14.0,4.0,3358859.0,Oui,22.0,58.0,5.0,0.0,2.0,4.0,3.0,11.0,0,40306308.0,51-60
107,59.0,Femme,Informatique,30.0,3.0,6000000.0,Non,9.0,30.0,15.0,1.0,4.0,3.0,1.0,29.0,0,72000000.0,51-60
108,41.0,Homme,Logistique,0.0,3.0,395576.0,Non,18.0,3.0,0.0,0.0,4.0,4.0,5.0,16.0,1,4746912.0,41-50
109,46.0,Femme,Informatique,20.0,3.0,4789735.0,Oui,4.0,36.0,18.0,1.0,1.0,4.0,5.0,11.0,0,57476820.0,41-50
110,54.0,Homme,Commercial,2.0,4.0,1178288.0,Non,22.0,16.0,1.0,1.0,5.0,3.0,5.0,25.0,1,14139456.0,51-60
111,20.0,Homme,Recherche et Développement,2.0,3.0,889900.0,Non,29.0,38.0,2.0,0.0,2.0,3.0,3.0,11.0,0,10678800.0,20-30
112,54.0,Femme,Support Client,10.0,3.0,1976461.0,Oui,24.0,47.0,2.0,0.0,1.0,4.0,2.0,0.0,0,23717532.0,51-60
113,56.0,Homme,Marketing,11.0,3.0,1961394.0,Non,27.0,45.0,9.0,3.0,5.0,3.0,1.0,12.0,0,23536728.0,51-60
114,33.0,Homme,Commercial,9.0,2.0,1515528.0,Non,33.0,89.0,2.0,0.0,2.0,3.0,4.0,13.0,1,18186336.0,31-40
115,22.0,Femme,Marketing,3.0,3.0,994628.0,Non,24.0,47.0,0.0,0.0,4.0,3.0,5.0,23.0,1,11935536.0,20-30
116,43.0,Femme,Marketing,0.0,2.0,381564.0,Non,9.0,38.0,0.0,0.0,2.0,4.0,2.0,29.0,0,4578768.0,41-50
117,24.0,Homme,Production,9.0,3.0,573746.0,Oui,13.0,104.0,1.0,1.0,3.0,3.0,1.0,1.0,0,6884952.0,20-30
118,45.0,Homme,Ressources Humaines,27.0,3.0,5400227.0,Oui,29.0,3.0,19.0,6.0,2.0,4.0,4.0,11.0,1,64802724.0,41-50
119,33.0,Femme,Informatique,3.0,3.0,1428979.0,Non,40.0,29.0,3.0,0.0,3.0,5.0,1.0,25.0,0,17147748.0,31-40
120,58.0,Homme,Finance,25.0,3.0,5580878.0,Non,24.0,29.0,6.0,1.0,2.0,4.0,3.0,20.0,1,66970536.0,51-60
121,46.0,Homme,Administration,7.0,2.0,841933.0,Non,13.0,21.0,5.0,0.0,3.0,4.0,4.0,27.0,1,10103196.0,41-50
122,28.0,Homme,Marketing,9.0,4.0,3184705.0,Oui,34.0,74.0,8.0,0.0,4.0,4.0,2.0,15.0,0,38216460.0,20-30
123,34.0,Femme,Recherche et Développement,4.0,3.0,1428214.0,Non,33.0,65.0,2.0,0.0,3.0,4.0,1.0,3.0,0,17138568.0,31-40
124,34.0,Femme,Commercial,9.0,3.0,2151792.0,Oui,9.0,107.0,6.0,0.0,3.0,4.0,4.0,15.0,1,25821504.0,31-40
125,45.0,Homme,Ressources Humaines,3.0,4.0,1491327.0,Oui,34.0,11.0,0.0,0.0,3.0,4.0,4.0,1.0,0,17895924.0,41-50
126,32.0,Homme,Marketing,10.0,4.0,3816120.0,Non,10.0,93.0,2.0,1.0,4.0,3.0,5.0,9.0,1,45793440.0,31-40
127,51.0,Homme,Ressources Humaines,16.0,3.0,3820482.0,Non,10.0,35.0,14.0,2.0,3.0,5.0,3.0,8.0,1,45845784.0,51-60
128,58.0,Femme,Ressources Humaines,8.0,3.0,1858568.0,Non,20.0,17.0,3.0,2.0,1.0,4.0,1.0,22.0,0,22302816.0,51-60
129,51.0,Homme,Marketing,32.0,5.0,6000000.0,Non,20.0,89.0,13.0,5.0,4.0,3.0,4.0,14.0,1,72000000.0,51-60
130,23.0,Homme,Production,4.0,2.0,683932.0,Non,21.0,52.0,4.0,2.0,1.0,4.0,3.0,12.0,1,8207184.0,20-30
131,49.0,Femme,Logistique,19.0,3.0,3120899.0,Non,6.0,70.0,3.0,2.0,3.0,4.0,2.0,22.0,0,37450788.0,41-50
132,56.0,Homme,Production,12.0,4.0,3790667.0,Non,16.0,0.0,7.0,0.0,3.0,4.0,4.0,15.0,1,45488004.0,51-60
133,43.0,Femme,Finance,9.0,5.0,6000000.0,Non,1.0,57.0,0.0,0.0,1.0,4.0,3.0,29.0,0,72000000.0,41-50
134,58.0,Homme,Finance,28.0,4.0,6000000.0,Non,11.0,89.0,8.0,2.0,3.0,4.0,2.0,15.0,1,72000000.0,51-60
135,34.0,Homme,Recherche et Développement,12.0,2.0,2104638.0,Non,17.0,86.0,0.0,1.0,4.0,5.0,1.0,27.0,0,25255656.0,31-40
136,48.0,Homme,Production,13.0,3.0,2174180.0,Oui,10.0,89.0,7.0,0.0,3.0,3.0,3.0,1.0,1,26090160.0,41-50
137,55.0,Femme,Finance,34.0,5.0,6000000.0,Non,15.0,108.0,24.0,6.0,1.0,3.0,3.0,19.0,1,72000000.0,51-60
138,32.0,Femme,Ressources Humaines,12.0,3.0,2841260.0,Oui,19.0,5.0,10.0,1.0,1.0,5.0,3.0,19.0,1,34095120.0,31-40
139,51.0,Femme,Support Client,5.0,4.0,1570835.0,Non,34.0,69.0,4.0,1.0,3.0,4.0,3.0,26.0,1,18850020.0,51-60
140,26.0,Homme,Commercial,1.0,4.0,885831.0,Non,25.0,43.0,0.0,1.0,2.0,3.0,5.0,13.0,1,10629972.0,20-30
141,41.0,Femme,Informatique,18.0,3.0,4958198.0,Non,15.0,71.0,8.0,1.0,4.0,5.0,2.0,15.0,1,59498376.0,41-50
142,47.0,Homme,Finance,4.0,3.0,1486826.0,Oui,5.0,23.0,2.0,0.0,4.0,4.0,1.0,22.0,0,17841912.0,41-50
143,21.0,Homme,Recherche et Développement,2.0,3.0,973578.0,Non,11.0,85.0,1.0,0.0,3.0,5.0,1.0,11.0,1,11682936.0,20-30
144,25.0,Femme,Support Client,0.0,2.0,300558.0,Non,12.0,18.0,0.0,1.0,2.0,4.0,2.0,7.0,0,3606696.0,20-30
145,47.0,Homme,Marketing,9.0,4.0,873218.0,Oui,3.0,100.0,1.0,1.0,1.0,3.0,4.0,15.0,1,10478616.0,41-50
146,47.0,Homme,Logistique,9.0,3.0,1734020.0,Non,38.0,17.0,8.0,1.0,5.0,4.0,4.0,3.0,1,20808240.0,41-50
147,39.0,Homme,Recherche et Développement,17.0,4.0,4637163.0,Non,1.0,94.0,3.0,1.0,5.0,3.0,4.0,13.0,1,55645956.0,31-40
148,49.0,Homme,Ressources Humaines,26.0,3.0,4632481.0,Non,25.0,100.0,26.0,4.0,3.0,3.0,2.0,15.0,1,55589772.0,41-50
149,30.0,Homme,Logistique,12.0,5.0,3799363.0,Non,26.0,29.0,3.0,1.0,2.0,3.0,3.0,18.0,0,45592356.0,20-30
150,47.0,Femme,Commercial,4.0,3.0,1478741.0,Non,26.0,120.0,3.0,0.0,3.0,5.0,3.0,1.0,1,17744892.0,41-50
151,44.0,Homme,Commercial,22.0,2.0,3172735.0,Non,14.0,41.0,7.0,3.0,4.0,4.0,1.0,11.0,1,38072820.0,41-50
152,58.0,Femme,Production,32.0,2.0,3379506.0,Non,7.0,32.0,1.0,0.0,1.0,4.0,4.0,28.0,1,40554072.0,51-60
153,52.0,Femme,Administration,0.0,3.0,563371.0,Non,19.0,73.0,0.0,1.0,2.0,4.0,5.0,13.0,1,6760452.0,51-60
154,20.0,Homme,Production,1.0,3.0,562320.0,Oui,39.0,100.0,0.0,1.0,5.0,4.0,3.0,5.0,1,6747840.0,20-30
155,46.0,Homme,Support Client,14.0,4.0,2412113.0,Oui,19.0,11.0,12.0,0.0,1.0,3.0,4.0,12.0,1,28945356.0,41-50
156,32.0,Homme,Logistique,0.0,2.0,319192.0,Oui,12.0,117.0,0.0,1.0,1.0,3.0,3.0,3.0,1,3830304.0,31-40
157,60.0,Femme,Administration,10.0,2.0,1499660.0,Non,16.0,93.0,5.0,2.0,3.0,4.0,2.0,21.0,1,17995920.0,51-60
158,22.0,Homme,Marketing,4.0,3.0,1572236.0,Non,16.0,26.0,0.0,0.0,2.0,3.0,4.0,17.0,1,18866832.0,20-30
159,58.0,Femme,Ressources Humaines,25.0,3.0,4912946.0,Non,35.0,38.0,23.0,2.0,3.0,4.0,2.0,11.0,0,58955352.0,51-60
160,25.0,Homme,Logistique,6.0,3.0,1328470.0,Non,20.0,8.0,3.0,1.0,2.0,4.0,3.0,19.0,0,15941640.0,20-30
161,27.0,Femme,Production,8.0,5.0,2461004.0,Non,19.0,117.0,6.0,1.0,4.0,4.0,4.0,26.0,1,29532048.0,20-30
162,46.0,Homme,Informatique,21.0,5.0,6000000.0,Oui,4.0,20.0,15.0,1.0,3.0,4.0,5.0,21.0,1,72000000.0,41-50
163,28.0,Homme,Administration,10.0,5.0,2131324.0,Oui,25.0,75.0,0.0,0.0,3.0,3.0,3.0,29.0,0,25575888.0,20-30
164,56.0,Femme,Administration,26.0,4.0,6000000.0,Non,15.0,118.0,15.0,6.0,5.0,4.0,3.0,20.0,1,72000000.0,51-60
165,52.0,Homme,Ressources Humaines,12.0,3.0,2293634.0,Non,35.0,28.0,11.0,2.0,3.0,3.0,5.0,18.0,1,27523608.0,51-60
166,43.0,Homme,Finance,0.0,3.0,645501.0,Non,27.0,32.0,3.0,0.0,2.0,3.0,4.0,7.0,0,7746012.0,41-50
167,34.0,Femme,Commercial,1.0,3.0,720281.0,Non,28.0,58.0,0.0,1.0,5.0,3.0,4.0,6.0,1,8643372.0,31-40
168,51.0,Homme,Commercial,0.0,4.0,724088.0,Oui,11.0,61.0,0.0,0.0,3.0,4.0,2.0,15.0,0,8689056.0,51-60
169,51.0,Femme,Informatique,20.0,2.0,3448156.0,Non,36.0,116.0,10.0,4.0,3.0,4.0,5.0,18.0,1,41377872.0,51-60
170,43.0,Homme,Support Client,15.0,3.0,2316906.0,Non,29.0,14.0,15.0,0.0,4.0,5.0,2.0,15.0,1,27802872.0,41-50
171,60.0,Homme,Support Client,5.0,2.0,728248.0,Non,22.0,1.0,5.0,2.0,3.0,4.0,4.0,19.0,1,8738976.0,51-60
172,31.0,Homme,Marketing,11.0,4.0,3618160.0,Oui,15.0,51.0,1.0,0.0,1.0,4.0,1.0,26.0,0,43417920.0,31-40
173,58.0,Homme,Logistique,16.0,4.0,3541988.0,Non,13.0,102.0,4.0,0.0,5.0,4.0,3.0,20.0,1,42503856.0,51-60
174,21.0,Femme,Recherche et Développement,0.0,3.0,584341.0,Oui,9.0,116.0,0.0,1.0,1.0,5.0,2.0,10.0,1,7012092.0,20-30
175,22.0,Femme,Finance,4.0,3.0,1315664.0,Non,6.0,43.0,3.0,0.0,5.0,4.0,3.0,4.0,1,15787968.0,20-30
176,56.0,Homme,Production,2.0,3.0,999194.0,Oui,36.0,53.0,0.0,1.0,4.0,4.0,3.0,15.0,0,11990328.0,51-60
177,36.0,Homme,Recherche et Développement,4.0,3.0,1497774.0,Non,28.0,17.0,2.0,1.0,3.0,3.0,2.0,6.0,1,17973288.0,31-40
178,21.0,Femme,Recherche et Développement,0.0,2.0,417866.0,Non,2.0,2.0,3.0,0.0,3.0,4.0,4.0,26.0,0,5014392.0,20-30
179,21.0,Femme,Administration,0.0,2.0,325171.0,Non,14.0,6.0,0.0,0.0,3.0,4.0,5.0,4.0,1,3902052.0,20-30
180,47.0,Femme,Informatique,9.0,3.0,3090892.0,Oui,35.0,42.0,3.0,0.0,3.0,4.0,5.0,10.0,1,37090704.0,41-50
181,42.0,Homme,Commercial,9.0,2.0,2131324.0,Oui,18.0,81.0,3.0,2.0,3.0,4.0,2.0,14.0,1,25575888.0,41-50
182,56.0,Homme,Marketing,18.0,5.0,6000000.0,Oui,12.0,107.0,8.0,1.0,1.0,5.0,3.0,2.0,1,72000000.0,51-60
183,51.0,Homme,Support Client,16.0,3.0,2870726.0,Oui,20.0,37.0,8.0,2.0,3.0,4.0,4.0,25.0,0,34448712.0,51-60
184,52.0,Femme,Informatique,20.0,4.0,4255585.0,Oui,36.0,36.0,3.0,2.0,4.0,4.0,3.0,4.0,1,51067020.0,51-60
185,20.0,Homme,Administration,1.0,2.0,507324.0,Non,26.0,57.0,0.0,0.0,1.0,4.0,1.0,22.0,0,6087888.0,20-30
186,38.0,Femme,Production,8.0,2.0,1153031.0,Oui,28.0,32.0,0.0,1.0,3.0,4.0,4.0,20.0,0,13836372.0,31-40
187,21.0,Homme,Marketing,1.0,3.0,742333.0,Oui,19.0,107.0,1.0,1.0,3.0,4.0,5.0,4.0,1,8907996.0,20-30
188,45.0,Femme,Administration,0.0,2.0,338686.0,Non,24.0,58.0,0.0,1.0,2.0,4.0,4.0,8.0,0,4064232.0,41-50
189,51.0,Femme,Commercial,12.0,3.0,3053042.0,Non,5.0,94.0,7.0,3.0,5.0,4.0,3.0,15.0,1,36636504.0,51-60
190,25.0,Femme,Commercial,3.0,4.0,2131324.0,Non,35.0,10.0,3.0,1.0,1.0,4.0,3.0,2.0,0,25575888.0,20-30
191,51.0,Homme,Commercial,0.0,3.0,546099.0,Oui,1.0,67.0,0.0,0.0,2.0,3.0,2.0,15.0,0,6553188.0,51-60
192,23.0,Homme,Informatique,0.0,3.0,579742.0,Non,21.0,81.0,0.0,1.0,4.0,4.0,4.0,5.0,1,6956904.0,20-30
193,30.0,Homme,Informatique,9.0,2.0,2131324.0,Oui,31.0,58.0,0.0,0.0,5.0,3.0,4.0,16.0,1,25575888.0,20-30
194,36.0,Homme,Support Client,9.0,2.0,376373.0,Non,15.0,112.0,1.0,0.0,1.0,4.0,2.0,25.0,0,4516476.0,31-40
195,57.0,Femme,Support Client,27.0,3.0,4941485.0,Non,17.0,58.0,12.0,2.0,3.0,4.0,5.0,20.0,1,59297820.0,51-60
196,43.0,Femme,Production,7.0,3.0,1788419.0,Oui,4.0,92.0,6.0,1.0,1.0,4.0,2.0,7.0,1,21461028.0,41-50
197,24.0,Femme,Marketing,6.0,2.0,2131324.0,Non,35.0,87.0,6.0,3.0,3.0,4.0,5.0,20.0,1,25575888.0,20-30
198,53.0,Femme,Ressources Humaines,25.0,3.0,4382830.0,Non,29.0,21.0,7.0,0.0,5.0,4.0,3.0,24.0,0,52593960.0,51-60
199,25.0,Homme,Ressources Humaines,1.0,3.0,589768.0,Oui,18.0,65.0,1.0,0.0,3.0,4.0,2.0,15.0,0,7077216.0,20-30
200,41.0,Femme,Administration,1.0,2.0,467734.0,Non,22.0,43.0,1.0,1.0,4.0,4.0,3.0,5.0,1,5612808.0,41-50
201,30.0,Homme,Commercial,5.0,2.0,1064558.0,Non,33.0,5.0,3.0,1.0,3.0,4.0,3.0,7.0,0,12774696.0,20-30
202,35.0,Homme,Marketing,2.0,2.0,663922.0,Non,12.0,41.0,1.0,0.0,4.0,4.0,1.0,9.0,0,7967064.0,31-40
203,52.0,Homme,Production,11.0,3.0,5307363.0,Oui,19.0,24.0,8.0,0.0,5.0,4.0,4.0,23.0,0,63688356.0,51-60
204,28.0,Homme,Informatique,0.0,3.0,732141.0,Non,35.0,118.0,0.0,0.0,5.0,3.0,4.0,28.0,1,8785692.0,20-30
205,25.0,Homme,Logistique,5.0,3.0,1312808.0,Non,21.0,56.0,2.0,0.0,1.0,3.0,4.0,15.0,1,15753696.0,20-30
206,35.0,Femme,Finance,11.0,3.0,1970404.0,Oui,35.0,84.0,9.0,1.0,4.0,4.0,1.0,22.0,1,23644848.0,31-40
207,48.0,Homme,Production,4.0,5.0,1583740.0,Oui,19.0,54.0,3.0,0.0,4.0,3.0,3.0,13.0,1,19004880.0,41-50
208,22.0,Femme,Commercial,2.0,3.0,908850.0,Oui,38.0,15.0,0.0,0.0,3.0,4.0,1.0,22.0,0,10906200.0,20-30
209,39.0,Homme,Production,16.0,3.0,3644762.0,Oui,18.0,94.0,7.0,1.0,2.0,4.0,4.0,13.0,1,43737144.0,31-40
210,55.0,Homme,Commercial,22.0,4.0,5811747.0,Non,37.0,13.0,20.0,1.0,2.0,4.0,1.0,9.0,0,69740964.0,51-60
211,38.0,Homme,Informatique,14.0,3.0,3197497.0,Non,5.0,38.0,3.0,1.0,3.0,4.0,5.0,11.0,1,38369964.0,31-40
212,43.0,Homme,Informatique,4.0,3.0,1613631.0,Non,14.0,27.0,3.0,1.0,2.0,4.0,4.0,5.0,0,19363572.0,41-50
213,22.0,Femme,Finance,4.0,3.0,1395516.0,Non,19.0,95.0,0.0,1.0,4.0,4.0,3.0,11.0,0,16746192.0,20-30
214,38.0,Homme,Recherche et Développement,13.0,3.0,3201275.0,Non,19.0,91.0,12.0,1.0,3.0,4.0,3.0,22.0,1,38415300.0,31-40
215,39.0,Femme,Marketing,1.0,4.0,925517.0,Oui,31.0,50.0,0.0,1.0,5.0,3.0,2.0,13.0,1,11106204.0,31-40
216,51.0,Homme,Commercial,10.0,4.0,2995375.0,Non,3.0,118.0,3.0,1.0,3.0,4.0,2.0,1.0,1,35944500.0,51-60
217,26.0,Femme,Ressources Humaines,2.0,3.0,795727.0,Oui,17.0,48.0,2.0,0.0,2.0,4.0,5.0,8.0,1,9548724.0,20-30
218,60.0,Femme,Support Client,33.0,3.0,4209257.0,Oui,4.0,8.0,6.0,3.0,5.0,4.0,5.0,9.0,1,50511084.0,51-60
219,52.0,Femme,Production,33.0,2.0,4261621.0,Non,19.0,57.0,27.0,6.0,4.0,4.0,1.0,25.0,1,51139452.0,51-60
220,59.0,Homme,Administration,17.0,3.0,3581208.0,Non,22.0,44.0,3.0,2.0,1.0,4.0,4.0,16.0,1,42974496.0,51-60
221,58.0,Homme,Ressources Humaines,9.0,4.0,6000000.0,Non,10.0,21.0,21.0,3.0,5.0,4.0,4.0,16.0,0,72000000.0,51-60
222,37.0,Homme,Administration,14.0,3.0,2131324.0,Oui,36.0,58.0,11.0,1.0,1.0,3.0,4.0,2.0,1,25575888.0,31-40
223,59.0,Femme,Logistique,26.0,4.0,5211855.0,Oui,21.0,68.0,12.0,2.0,2.0,5.0,3.0,29.0,0,62542260.0,51-60
224,20.0,Homme,Support Client,2.0,3.0,576345.0,Oui,3.0,86.0,2.0,1.0,4.0,4.0,3.0,30.0,1,6916140.0,20-30
225,30.0,Homme,Ressources Humaines,1.0,2.0,458445.0,Non,28.0,68.0,1.0,0.0,1.0,3.0,2.0,18.0,0,5501340.0,20-30
226,47.0,Femme,Logistique,19.0,4.0,3998898.0,Non,33.0,41.0,11.0,1.0,5.0,4.0,3.0,0.0,1,47986776.0,41-50
227,43.0,Homme,Production,24.0,2.0,2758645.0,Non,12.0,52.0,1.0,1.0,2.0,3.0,3.0,11.0,1,33103740.0,41-50
228,42.0,Femme,Marketing,5.0,5.0,2454394.0,Oui,8.0,95.0,1.0,0.0,2.0,4.0,3.0,6.0,1,29452728.0,41-50
229,50.0,Homme,Logistique,32.0,3.0,5013803.0,Non,30.0,58.0,26.0,6.0,5.0,4.0,5.0,3.0,1,60165636.0,41-50
230,49.0,Homme,Marketing,23.0,3.0,4190692.0,Non,6.0,73.0,22.0,4.0,5.0,4.0,4.0,9.0,1,50288304.0,41-50
231,54.0,Femme,Production,14.0,3.0,2683133.0,Non,3.0,38.0,8.0,2.0,1.0,4.0,5.0,12.0,1,32197596.0,51-60
232,43.0,Homme,Recherche et Développement,6.0,3.0,1936176.0,Non,18.0,58.0,3.0,0.0,3.0,4.0,3.0,1.0,1,23234112.0,41-50
233,35.0,Femme,Logistique,9.0,4.0,2472155.0,Non,29.0,58.0,7.0,0.0,2.0,3.0,2.0,15.0,0,29665860.0,31-40
234,45.0,Homme,Support Client,18.0,4.0,3853464.0,Non,30.0,28.0,5.0,0.0,1.0,4.0,5.0,20.0,1,46241568.0,41-50
235,21.0,Homme,Ressources Humaines,0.0,3.0,510799.0,Oui,34.0,110.0,0.0,1.0,5.0,4.0,3.0,21.0,1,6129588.0,20-30
236,20.0,Femme,Commercial,0.0,2.0,378528.0,Non,20.0,2.0,0.0,1.0,1.0,3.0,2.0,24.0,0,4542336.0,20-30
237,31.0,Femme,Informatique,12.0,3.0,3389712.0,Oui,30.0,82.0,5.0,0.0,5.0,4.0,3.0,3.0,1,40676544.0,31-40
238,24.0,Femme,Logistique,3.0,2.0,636294.0,Non,18.0,9.0,1.0,0.0,4.0,4.0,1.0,17.0,0,7635528.0,20-30
239,56.0,Homme,Support Client,9.0,3.0,1619713.0,Non,30.0,91.0,8.0,2.0,5.0,4.0,3.0,4.0,1,19436556.0,51-60
240,51.0,Femme,Production,16.0,4.0,3331971.0,Non,31.0,28.0,16.0,4.0,5.0,3.0,5.0,18.0,1,39983652.0,51-60
241,28.0,Homme,Commercial,9.0,3.0,2211862.0,Non,1.0,78.0,5.0,2.0,5.0,4.0,5.0,1.0,1,26542344.0,20-30
242,60.0,Homme,Production,16.0,3.0,2968506.0,Non,9.0,34.0,3.0,0.0,3.0,4.0,5.0,11.0,1,35622072.0,51-60
243,54.0,Femme,Ressources Humaines,19.0,4.0,4895489.0,Non,1.0,5.0,18.0,0.0,5.0,4.0,2.0,16.0,0,58745868.0,51-60
244,38.0,Homme,Informatique,4.0,4.0,1692138.0,Non,1.0,11.0,3.0,1.0,2.0,4.0,3.0,9.0,1,20305656.0,31-40
245,35.0,Femme,Logistique,1.0,3.0,597900.0,Non,23.0,110.0,1.0,0.0,2.0,4.0,1.0,1.0,0,7174800.0,31-40
246,43.0,Homme,Logistique,4.0,4.0,1150454.0,Non,16.0,37.0,0.0,0.0,1.0,4.0,5.0,5.0,1,13805448.0,41-50
247,39.0,Homme,Recherche et Développement,1.0,2.0,597703.0,Non,31.0,76.0,0.0,0.0,3.0,4.0,3.0,7.0,0,7172436.0,31-40
248,43.0,Femme,Production,12.0,3.0,2912806.0,Non,15.0,92.0,12.0,5.0,1.0,5.0,4.0,15.0,1,34953672.0,41-50
249,52.0,Femme,Ressources Humaines,10.0,4.0,3265874.0,Non,15.0,18.0,0.0,1.0,2.0,4.0,4.0,18.0,1,39190488.0,51-60
250,43.0,Femme,Ressources Humaines,18.0,4.0,4571874.0,Non,38.0,66.0,2.0,1.0,2.0,4.0,3.0,10.0,0,54862488.0,41-50
251,30.0,Femme,Informatique,8.0,3.0,2575213.0,Non,30.0,7.0,7.0,3.0,4.0,4.0,3.0,30.0,0,30902556.0,20-30
252,27.0,Femme,Recherche et Développement,6.0,4.0,2915692.0,Oui,23.0,7.0,5.0,1.0,5.0,4.0,5.0,24.0,1,34988304.0,20-30
253,55.0,Homme,Support Client,15.0,4.0,2842932.0,Oui,0.0,118.0,2.0,1.0,2.0,4.0,5.0,30.0,1,34115184.0,51-60
254,57.0,Homme,Support Client,30.0,4.0,5935811.0,Non,10.0,58.0,15.0,3.0,1.0,3.0,2.0,11.0,1,71229732.0,51-60
255,59.0,Homme,Informatique,10.0,4.0,3196870.0,Oui,20.0,46.0,3.0,1.0,1.0,4.0,3.0,8.0,1,38362440.0,51-60
256,39.0,Homme,Support Client,21.0,3.0,3325263.0,Non,3.0,3.0,16.0,5.0,5.0,4.0,5.0,1.0,1,39903156.0,31-40
257,54.0,Homme,Administration,15.0,4.0,4553329.0,Non,6.0,50.0,3.0,1.0,5.0,3.0,1.0,7.0,0,54639948.0,51-60
258,44.0,Femme,Marketing,7.0,3.0,1717534.0,Non,25.0,84.0,4.0,1.0,4.0,4.0,3.0,25.0,0,20610408.0,41-50
259,54.0,Femme,Informatique,3.0,4.0,1514207.0,Non,11.0,66.0,1.0,1.0,3.0,4.0,2.0,10.0,1,18170484.0,51-60
260,44.0,Homme,Informatique,7.0,4.0,2759211.0,Non,30.0,44.0,0.0,0.0,1.0,3.0,3.0,27.0,0,33110532.0,41-50
261,48.0,Femme,Finance,3.0,4.0,1924319.0,Non,16.0,7.0,1.0,1.0,5.0,3.0,1.0,15.0,0,23091828.0,41-50
262,37.0,Femme,Commercial,2.0,2.0,699040.0,Non,32.0,86.0,0.0,0.0,1.0,4.0,3.0,3.0,0,8388480.0,31-40
263,37.0,Homme,Commercial,2.0,3.0,826379.0,Non,10.0,15.0,1.0,1.0,5.0,3.0,2.0,9.0,0,9916548.0,31-40
264,21.0,Femme,Administration,2.0,3.0,946188.0,Non,27.0,76.0,2.0,1.0,2.0,5.0,3.0,20.0,1,11354256.0,20-30
265,54.0,Femme,Production,28.0,4.0,6000000.0,Oui,31.0,66.0,19.0,6.0,1.0,3.0,5.0,19.0,1,72000000.0,51-60
266,35.0,Homme,Ressources Humaines,17.0,4.0,5221147.0,Non,0.0,111.0,0.0,1.0,2.0,3.0,4.0,15.0,1,62653764.0,31-40
267,60.0,Femme,Ressources Humaines,18.0,4.0,4904944.0,Non,27.0,8.0,6.0,0.0,1.0,4.0,3.0,7.0,1,58859328.0,51-60
268,55.0,Homme,Production,20.0,3.0,4076072.0,Oui,6.0,59.0,20.0,2.0,3.0,4.0,4.0,3.0,1,48912864.0,51-60
269,52.0,Femme,Administration,9.0,3.0,970525.0,Non,1.0,77.0,3.0,2.0,4.0,3.0,1.0,28.0,0,11646300.0,51-60
270,23.0,Femme,Informatique,1.0,2.0,621352.0,Non,19.0,76.0,0.0,1.0,2.0,3.0,2.0,9.0,0,7456224.0,20-30
271,52.0,Femme,Administration,27.0,3.0,4958707.0,Oui,3.0,116.0,9.0,1.0,5.0,5.0,5.0,11.0,1,59504484.0,51-60
272,33.0,Homme,Administration,9.0,3.0,1800402.0,Non,18.0,120.0,5.0,2.0,3.0,4.0,3.0,28.0,1,21604824.0,31-40
273,40.0,Femme,Administration,21.0,3.0,4496474.0,Oui,19.0,70.0,8.0,2.0,1.0,4.0,2.0,13.0,0,53957688.0,31-40
274,39.0,Femme,Commercial,20.0,3.0,4449748.0,Oui,10.0,58.0,8.0,1.0,2.0,4.0,4.0,15.0,0,53396976.0,31-40
275,27.0,Homme,Administration,5.0,2.0,1006784.0,Non,39.0,58.0,4.0,1.0,1.0,4.0,2.0,21.0,0,12081408.0,20-30
276,26.0,Femme,Marketing,0.0,3.0,609068.0,Non,10.0,101.0,0.0,1.0,1.0,4.0,2.0,15.0,0,7308816.0,20-30
277,22.0,Homme,Ressources Humaines,4.0,2.0,788216.0,Non,2.0,97.0,0.0,1.0,1.0,3.0,5.0,20.0,1,9458592.0,20-30
278,43.0,Femme,Production,8.0,2.0,1162304.0,Non,11.0,40.0,8.0,1.0,4.0,4.0,5.0,21.0,1,13947648.0,41-50
279,52.0,Homme,Marketing,11.0,2.0,1583042.0,Non,2.0,21.0,0.0,0.0,4.0,4.0,3.0,20.0,0,18996504.0,51-60
280,31.0,Homme,Production,9.0,2.0,1485299.0,Non,26.0,23.0,7.0,2.0,5.0,4.0,5.0,11.0,1,17823588.0,31-40
281,41.0,Homme,Finance,13.0,3.0,2131324.0,Oui,1.0,112.0,4.0,0.0,2.0,3.0,4.0,17.0,1,25575888.0,41-50
282,41.0,Femme,Production,1.0,2.0,453565.0,Non,15.0,100.0,0.0,1.0,3.0,4.0,4.0,29.0,1,5442780.0,41-50
283,49.0,Homme,Ressources Humaines,16.0,3.0,3418862.0,Oui,1.0,58.0,6.0,0.0,3.0,4.0,1.0,6.0,1,41026344.0,41-50
284,57.0,Femme,Ressources Humaines,13.0,4.0,3939641.0,Non,29.0,0.0,6.0,2.0,3.0,4.0,2.0,19.0,0,47275692.0,51-60
285,57.0,Homme,Administration,25.0,4.0,5528666.0,Non,19.0,9.0,8.0,1.0,1.0,3.0,4.0,23.0,0,66343992.0,51-60
286,27.0,Homme,Logistique,8.0,4.0,2131324.0,Oui,37.0,106.0,6.0,2.0,4.0,4.0,5.0,22.0,1,25575888.0,20-30
287,46.0,Femme,Finance,25.0,3.0,5847838.0,Oui,27.0,79.0,12.0,0.0,2.0,4.0,4.0,6.0,1,70174056.0,41-50
288,46.0,Femme,Informatique,24.0,3.0,6000000.0,Oui,24.0,109.0,10.0,1.0,1.0,4.0,2.0,8.0,1,72000000.0,41-50
289,53.0,Homme,Support Client,21.0,4.0,3787973.0,Non,31.0,71.0,13.0,4.0,4.0,3.0,2.0,0.0,1,45455676.0,51-60
290,40.0,Femme,Production,14.0,2.0,2041019.0,Non,9.0,55.0,2.0,1.0,4.0,3.0,4.0,25.0,1,24492228.0,31-40
291,49.0,Femme,Logistique,23.0,3.0,4055884.0,Non,39.0,112.0,10.0,1.0,2.0,3.0,2.0,5.0,0,48670608.0,41-50
292,52.0,Femme,Administration,29.0,4.0,6000000.0,Non,32.0,88.0,12.0,5.0,2.0,4.0,3.0,5.0,1,72000000.0,51-60
293,47.0,Homme,Commercial,10.0,4.0,3085578.0,Non,12.0,49.0,0.0,1.0,2.0,3.0,1.0,21.0,0,37026936.0,41-50
294,52.0,Homme,Informatique,16.0,2.0,3348401.0,Non,40.0,11.0,7.0,0.0,1.0,3.0,1.0,28.0,0,40180812.0,51-60
295,24.0,Femme,Recherche et Développement,1.0,2.0,2131324.0,Oui,36.0,88.0,1.0,0.0,5.0,3.0,4.0,11.0,1,25575888.0,20-30
296,38.0,Homme,Logistique,3.0,3.0,758225.0,Non,15.0,80.0,2.0,1.0,2.0,4.0,4.0,21.0,0,9098700.0,31-40
297,23.0,Femme,Commercial,0.0,2.0,431950.0,Non,21.0,59.0,0.0,1.0,5.0,4.0,3.0,11.0,1,5183400.0,20-30
298,54.0,Femme,Finance,7.0,3.0,2298289.0,Non,19.0,25.0,3.0,1.0,1.0,4.0,2.0,9.0,0,27579468.0,51-60
299,36.0,Femme,Administration,16.0,4.0,4325904.0,Non,26.0,109.0,7.0,1.0,5.0,4.0,4.0,22.0,1,51910848.0,31-40
300,47.0,Femme,Informatique,2.0,5.0,1565025.0,Non,40.0,111.0,0.0,0.0,3.0,4.0,2.0,29.0,0,18780300.0,41-50
301,49.0,Femme,Informatique,28.0,3.0,6000000.0,Non,15.0,77.0,20.0,3.0,5.0,4.0,3.0,25.0,1,72000000.0,41-50
302,48.0,Homme,Informatique,19.0,4.0,4998784.0,Non,33.0,40.0,12.0,0.0,2.0,4.0,5.0,5.0,1,59985408.0,41-50
303,25.0,Femme,Finance,6.0,3.0,1958696.0,Non,31.0,35.0,3.0,0.0,1.0,5.0,2.0,16.0,0,23504352.0,20-30
304,54.0,Homme,Production,21.0,3.0,3128176.0,Non,25.0,120.0,15.0,3.0,3.0,4.0,5.0,18.0,1,37538112.0,51-60
305,60.0,Homme,Recherche et Développement,13.0,3.0,2768007.0,Non,24.0,22.0,0.0,0.0,3.0,4.0,2.0,17.0,0,33216084.0,51-60
306,56.0,Femme,Finance,25.0,4.0,6000000.0,Non,1.0,42.0,3.0,0.0,2.0,4.0,4.0,5.0,1,72000000.0,51-60
307,43.0,Femme,Support Client,22.0,3.0,3606047.0,Non,11.0,5.0,6.0,0.0,2.0,4.0,3.0,23.0,0,43272564.0,41-50
308,48.0,Femme,Recherche et Développement,13.0,3.0,3231137.0,Oui,39.0,110.0,11.0,2.0,2.0,3.0,5.0,18.0,1,38773644.0,41-50
309,50.0,Femme,Ressources Humaines,23.0,2.0,3068311.0,Non,8.0,68.0,4.0,2.0,4.0,4.0,2.0,9.0,0,36819732.0,41-50
310,54.0,Homme,Production,1.0,4.0,642338.0,Oui,11.0,42.0,1.0,0.0,3.0,4.0,3.0,23.0,1,7708056.0,51-60
311,52.0,Homme,Finance,25.0,4.0,6000000.0,Non,25.0,24.0,24.0,2.0,2.0,4.0,5.0,7.0,1,72000000.0,51-60
312,40.0,Femme,Production,13.0,4.0,3519822.0,Non,8.0,17.0,10.0,1.0,2.0,5.0,3.0,20.0,1,42237864.0,31-40
313,51.0,Homme,Recherche et Développement,6.0,3.0,1934346.0,Non,19.0,61.0,5.0,1.0,2.0,5.0,3.0,23.0,1,23212152.0,51-60
314,43.0,Homme,Support Client,2.0,2.0,354539.0,Oui,31.0,12.0,2.0,0.0,1.0,4.0,2.0,5.0,0,4254468.0,41-50
315,43.0,Homme,Ressources Humaines,22.0,4.0,5908127.0,Non,33.0,58.0,12.0,2.0,4.0,4.0,4.0,20.0,0,70897524.0,41-50
316,22.0,Homme,Production,2.0,3.0,687433.0,Oui,19.0,77.0,2.0,0.0,1.0,4.0,1.0,24.0,0,8249196.0,20-30
317,37.0,Homme,Commercial,14.0,3.0,2696021.0,Non,38.0,27.0,6.0,2.0,4.0,4.0,1.0,29.0,0,32352252.0,31-40
318,43.0,Homme,Recherche et Développement,12.0,4.0,3890725.0,Non,1.0,17.0,0.0,0.0,2.0,3.0,4.0,6.0,1,46688700.0,41-50
319,50.0,Homme,Administration,17.0,5.0,5169161.0,Non,0.0,58.0,14.0,5.0,3.0,3.0,3.0,23.0,1,62029932.0,41-50
320,22.0,Homme,Commercial,1.0,3.0,801555.0,Non,35.0,59.0,1.0,1.0,5.0,3.0,5.0,0.0,1,9618660.0,20-30
321,59.0,Femme,Ressources Humaines,9.0,4.0,6000000.0,Non,23.0,62.0,17.0,3.0,5.0,3.0,5.0,26.0,1,72000000.0,51-60
322,43.0,Homme,Commercial,18.0,5.0,6000000.0,Oui,26.0,56.0,17.0,2.0,2.0,4.0,3.0,17.0,1,72000000.0,41-50
323,51.0,Homme,Marketing,14.0,3.0,3229409.0,Oui,1.0,91.0,1.0,0.0,1.0,4.0,4.0,23.0,0,38752908.0,51-60
324,41.0,Femme,Logistique,22.0,4.0,5277013.0,Non,30.0,50.0,3.0,0.0,3.0,3.0,4.0,27.0,0,63324156.0,41-50
325,42.0,Homme,Production,4.0,5.0,1717727.0,Non,13.0,55.0,0.0,1.0,3.0,3.0,2.0,24.0,0,20612724.0,41-50
326,21.0,Femme,Ressources Humaines,3.0,2.0,800316.0,Non,1.0,26.0,2.0,0.0,2.0,4.0,4.0,19.0,1,9603792.0,20-30
327,46.0,Femme,Commercial,9.0,4.0,2504762.0,Oui,28.0,31.0,3.0,1.0,3.0,4.0,2.0,11.0,0,30057144.0,41-50
328,21.0,Homme,Production,2.0,3.0,751846.0,Non,14.0,110.0,1.0,0.0,3.0,3.0,3.0,15.0,1,9022152.0,20-30
329,45.0,Homme,Logistique,24.0,4.0,5025160.0,Non,11.0,8.0,4.0,1.0,4.0,4.0,4.0,9.0,0,60301920.0,41-50
330,36.0,Femme,Commercial,16.0,4.0,5122328.0,Non,36.0,103.0,14.0,3.0,3.0,3.0,3.0,26.0,1,61467936.0,31-40
331,59.0,Femme,Administration,21.0,5.0,6000000.0,Oui,27.0,95.0,7.0,2.0,1.0,4.0,5.0,9.0,1,72000000.0,51-60
332,52.0,Homme,Marketing,25.0,4.0,6000000.0,Oui,19.0,83.0,3.0,0.0,1.0,3.0,2.0,13.0,0,72000000.0,51-60
333,28.0,Femme,Finance,8.0,2.0,1426015.0,Non,38.0,91.0,0.0,1.0,1.0,3.0,4.0,24.0,0,17112180.0,20-30
334,58.0,Homme,Marketing,16.0,4.0,4686563.0,Non,23.0,96.0,0.0,0.0,3.0,5.0,1.0,19.0,0,56238756.0,51-60
335,48.0,Femme,Commercial,12.0,3.0,2297733.0,Oui,20.0,67.0,11.0,1.0,1.0,4.0,4.0,9.0,0,27572796.0,41-50
336,45.0,Homme,Production,19.0,3.0,3852671.0,Non,9.0,45.0,18.0,6.0,4.0,4.0,4.0,15.0,1,46232052.0,41-50
337,54.0,Femme,Finance,24.0,3.0,5385040.0,Non,13.0,120.0,14.0,4.0,3.0,4.0,4.0,25.0,1,64620480.0,51-60
338,44.0,Femme,Ressources Humaines,3.0,3.0,990961.0,Non,36.0,97.0,0.0,0.0,5.0,3.0,2.0,24.0,0,11891532.0,41-50
339,43.0,Femme,Marketing,9.0,3.0,2052240.0,Non,17.0,111.0,6.0,2.0,3.0,4.0,1.0,10.0,0,24626880.0,41-50
340,32.0,Homme,Commercial,2.0,4.0,1062853.0,Non,23.0,66.0,1.0,0.0,4.0,3.0,2.0,22.0,0,12754236.0,31-40
341,26.0,Homme,Marketing,8.0,4.0,2785038.0,Oui,13.0,25.0,8.0,0.0,5.0,3.0,4.0,1.0,1,33420456.0,20-30
342,55.0,Homme,Finance,17.0,4.0,5292203.0,Non,19.0,7.0,9.0,0.0,3.0,4.0,5.0,24.0,0,63506436.0,51-60
343,39.0,Homme,Support Client,9.0,2.0,1630899.0,Non,11.0,5.0,1.0,1.0,1.0,3.0,2.0,19.0,0,19570788.0,31-40
344,20.0,Homme,Recherche et Développement,2.0,4.0,1194233.0,Oui,21.0,79.0,2.0,1.0,2.0,4.0,4.0,7.0,1,14330796.0,20-30
345,27.0,Femme,Marketing,5.0,4.0,2042024.0,Oui,5.0,23.0,2.0,0.0,2.0,3.0,5.0,29.0,0,24504288.0,20-30
346,43.0,Homme,Ressources Humaines,1.0,3.0,721022.0,Non,35.0,47.0,0.0,0.0,1.0,4.0,3.0,22.0,1,8652264.0,41-50
347,33.0,Homme,Ressources Humaines,14.0,2.0,1987587.0,Oui,35.0,102.0,9.0,3.0,2.0,4.0,4.0,28.0,1,23851044.0,31-40
348,31.0,Femme,Informatique,7.0,2.0,1743147.0,Oui,21.0,93.0,5.0,2.0,2.0,3.0,4.0,30.0,1,20917764.0,31-40
349,42.0,Homme,Marketing,7.0,3.0,1813518.0,Oui,13.0,44.0,1.0,0.0,1.0,4.0,2.0,6.0,0,21762216.0,41-50
350,34.0,Femme,Recherche et Développement,16.0,3.0,4282257.0,Oui,15.0,12.0,8.0,1.0,1.0,4.0,2.0,7.0,0,51387084.0,31-40
351,47.0,Femme,Administration,11.0,3.0,1958559.0,Non,35.0,68.0,8.0,0.0,3.0,4.0,1.0,0.0,0,23502708.0,41-50
352,43.0,Homme,Logistique,18.0,5.0,5379332.0,Non,24.0,24.0,6.0,0.0,3.0,3.0,5.0,20.0,1,64551984.0,41-50
353,21.0,Homme,Recherche et Développement,1.0,3.0,2131324.0,Non,31.0,19.0,1.0,1.0,1.0,4.0,5.0,1.0,1,25575888.0,20-30
354,51.0,Femme,Logistique,5.0,2.0,868297.0,Oui,32.0,117.0,2.0,0.0,4.0,3.0,4.0,17.0,1,10419564.0,51-60
355,42.0,Femme,Production,19.0,3.0,3350477.0,Oui,35.0,81.0,19.0,2.0,2.0,4.0,3.0,14.0,1,40205724.0,41-50
356,41.0,Homme,Support Client,1.0,2.0,380726.0,Non,19.0,110.0,1.0,1.0,3.0,4.0,3.0,0.0,1,4568712.0,41-50
357,44.0,Femme,Informatique,26.0,2.0,2131324.0,Non,17.0,81.0,26.0,4.0,2.0,4.0,2.0,4.0,1,25575888.0,41-50
358,41.0,Homme,Recherche et Développement,23.0,3.0,5134904.0,Non,37.0,65.0,20.0,1.0,5.0,3.0,1.0,1.0,0,61618848.0,41-50
359,41.0,Homme,Recherche et Développement,12.0,3.0,3310764.0,Non,19.0,73.0,1.0,0.0,3.0,3.0,4.0,19.0,1,39729168.0,41-50
360,25.0,Homme,Support Client,5.0,3.0,1536609.0,Non,22.0,118.0,4.0,0.0,4.0,3.0,5.0,2.0,1,18439308.0,20-30
361,34.0,Femme,Marketing,4.0,5.0,1803784.0,Oui,31.0,44.0,2.0,1.0,3.0,3.0,5.0,18.0,1,21645408.0,31-40
362,56.0,Homme,Marketing,32.0,3.0,5948948.0,Non,15.0,113.0,15.0,6.0,5.0,5.0,4.0,17.0,1,71387376.0,51-60
363,52.0,Homme,Marketing,21.0,3.0,4093382.0,Non,4.0,46.0,7.0,3.0,5.0,4.0,1.0,28.0,0,49120584.0,51-60
364,27.0,Femme,Production,4.0,4.0,1197763.0,Non,3.0,62.0,1.0,1.0,1.0,4.0,2.0,21.0,0,14373156.0,20-30
365,24.0,Homme,Logistique,5.0,3.0,1140178.0,Oui,20.0,75.0,0.0,0.0,3.0,4.0,3.0,17.0,1,13682136.0,20-30
366,58.0,Homme,Production,5.0,2.0,943331.0,Non,39.0,110.0,0.0,0.0,1.0,3.0,4.0,13.0,0,11319972.0,51-60
367,23.0,Femme,Informatique,3.0,4.0,1901902.0,Non,13.0,76.0,1.0,0.0,3.0,3.0,4.0,29.0,1,22822824.0,20-30
368,43.0,Femme,Support Client,9.0,2.0,768069.0,Oui,38.0,113.0,3.0,1.0,5.0,4.0,3.0,23.0,1,9216828.0,41-50
369,51.0,Femme,Recherche et Développement,10.0,4.0,3374422.0,Oui,30.0,110.0,2.0,1.0,5.0,3.0,3.0,7.0,1,40493064.0,51-60
370,49.0,Femme,Logistique,29.0,4.0,6000000.0,Oui,13.0,120.0,10.0,2.0,4.0,5.0,1.0,15.0,1,72000000.0,41-50
371,43.0,Femme,Production,29.0,3.0,3684996.0,Non,5.0,54.0,0.0,1.0,3.0,3.0,2.0,29.0,1,44219952.0,41-50
372,59.0,Femme,Production,30.0,3.0,4451837.0,Oui,11.0,74.0,22.0,0.0,5.0,4.0,3.0,11.0,0,53422044.0,51-60
373,35.0,Homme,Commercial,8.0,4.0,1991615.0,Non,15.0,18.0,4.0,2.0,2.0,4.0,2.0,20.0,0,23899380.0,31-40
374,32.0,Homme,Production,6.0,2.0,860373.0,Non,16.0,34.0,4.0,0.0,3.0,4.0,3.0,15.0,0,10324476.0,31-40
375,49.0,Homme,Administration,2.0,2.0,544745.0,Non,22.0,102.0,1.0,0.0,1.0,3.0,5.0,22.0,1,6536940.0,41-50
376,38.0,Homme,Recherche et Développement,18.0,4.0,6000000.0,Non,13.0,52.0,16.0,1.0,4.0,4.0,4.0,19.0,1,72000000.0,31-40
377,36.0,Femme,Administration,7.0,3.0,1206007.0,Non,6.0,25.0,6.0,0.0,2.0,4.0,1.0,16.0,0,14472084.0,31-40
378,38.0,Homme,Recherche et Développement,4.0,2.0,994267.0,Oui,31.0,109.0,0.0,0.0,3.0,3.0,2.0,10.0,1,11931204.0,31-40
379,47.0,Homme,Support Client,3.0,4.0,1085744.0,Oui,14.0,13.0,2.0,1.0,1.0,4.0,3.0,1.0,1,13028928.0,41-50
380,45.0,Homme,Recherche et Développement,23.0,3.0,5666040.0,Oui,16.0,117.0,23.0,6.0,1.0,4.0,3.0,25.0,1,67992480.0,41-50
381,56.0,Femme,Administration,30.0,4.0,6000000.0,Non,40.0,44.0,3.0,1.0,3.0,3.0,3.0,25.0,0,72000000.0,51-60
382,45.0,Homme,Recherche et Développement,5.0,4.0,2171924.0,Oui,33.0,43.0,5.0,0.0,3.0,4.0,3.0,3.0,1,26063088.0,41-50
383,42.0,Femme,Support Client,1.0,3.0,546102.0,Oui,4.0,87.0,1.0,0.0,5.0,5.0,4.0,0.0,1,6553224.0,41-50
384,43.0,Homme,Support Client,3.0,3.0,649001.0,Non,26.0,104.0,0.0,1.0,4.0,3.0,4.0,14.0,1,7788012.0,41-50
385,31.0,Homme,Informatique,11.0,5.0,2131324.0,Non,22.0,64.0,5.0,2.0,2.0,3.0,3.0,12.0,0,25575888.0,31-40
386,20.0,Femme,Recherche et Développement,2.0,2.0,606025.0,Oui,39.0,50.0,2.0,1.0,5.0,4.0,4.0,7.0,1,7272300.0,20-30
387,20.0,Femme,Commercial,2.0,3.0,960627.0,Oui,13.0,42.0,1.0,1.0,4.0,5.0,3.0,24.0,1,11527524.0,20-30
388,43.0,Homme,Marketing,5.0,2.0,1081438.0,Oui,14.0,118.0,3.0,1.0,3.0,4.0,1.0,3.0,1,12977256.0,41-50
389,51.0,Homme,Ressources Humaines,29.0,3.0,5530119.0,Non,32.0,85.0,2.0,1.0,3.0,4.0,4.0,9.0,0,66361428.0,51-60
390,44.0,Homme,Support Client,23.0,3.0,3176179.0,Non,30.0,22.0,12.0,3.0,2.0,3.0,4.0,18.0,1,38114148.0,41-50
391,59.0,Homme,Finance,1.0,4.0,954610.0,Oui,34.0,55.0,0.0,0.0,2.0,3.0,5.0,17.0,1,11455320.0,51-60
392,20.0,Femme,Marketing,2.0,4.0,1192667.0,Oui,16.0,117.0,0.0,0.0,5.0,4.0,4.0,4.0,1,14312004.0,20-30
393,35.0,Homme,Logistique,10.0,3.0,1822268.0,Oui,27.0,18.0,4.0,0.0,1.0,4.0,5.0,29.0,0,21867216.0,31-40
394,58.0,Femme,Recherche et Développement,7.0,2.0,1335714.0,Non,18.0,81.0,5.0,0.0,5.0,4.0,5.0,18.0,1,16028568.0,51-60
395,24.0,Femme,Administration,1.0,3.0,624547.0,Non,22.0,75.0,1.0,1.0,4.0,5.0,4.0,25.0,1,7494564.0,20-30
396,43.0,Femme,Ressources Humaines,18.0,3.0,3281815.0,Non,31.0,54.0,11.0,0.0,1.0,4.0,3.0,22.0,0,39381780.0,41-50
397,48.0,Femme,Finance,12.0,2.0,2043570.0,Non,19.0,91.0,1.0,1.0,4.0,4.0,4.0,26.0,0,24522840.0,41-50
398,22.0,Femme,Marketing,3.0,3.0,959374.0,Non,12.0,91.0,3.0,2.0,1.0,4.0,5.0,21.0,1,11512488.0,20-30
399,31.0,Femme,Recherche et Développement,4.0,3.0,1517672.0,Oui,19.0,59.0,2.0,1.0,5.0,3.0,4.0,15.0,1,18212064.0,31-40
400,45.0,Femme,Informatique,5.0,5.0,3282495.0,Non,34.0,58.0,2.0,1.0,3.0,4.0,3.0,15.0,0,39389940.0,41-50
401,35.0,Femme,Logistique,3.0,3.0,891110.0,Non,4.0,32.0,3.0,2.0,3.0,4.0,3.0,11.0,1,10693320.0,31-40
402,56.0,Femme,Ressources Humaines,18.0,3.0,2131324.0,Non,8.0,18.0,11.0,3.0,2.0,4.0,2.0,23.0,0,25575888.0,51-60
403,41.0,Homme,Commercial,19.0,4.0,5486713.0,Non,28.0,27.0,14.0,5.0,5.0,4.0,3.0,1.0,1,65840556.0,41-50
404,48.0,Femme,Informatique,0.0,3.0,660350.0,Oui,5.0,51.0,0.0,1.0,1.0,3.0,2.0,20.0,1,7924200.0,41-50
405,33.0,Femme,Finance,3.0,3.0,1137271.0,Oui,24.0,48.0,0.0,1.0,2.0,3.0,4.0,15.0,1,13647252.0,31-40
406,47.0,Homme,Ressources Humaines,16.0,4.0,4788729.0,Oui,30.0,36.0,7.0,1.0,5.0,3.0,5.0,7.0,1,57464748.0,41-50
407,24.0,Femme,Informatique,3.0,3.0,1194340.0,Non,21.0,25.0,2.0,1.0,4.0,4.0,2.0,17.0,1,14332080.0,20-30
408,49.0,Homme,Logistique,14.0,4.0,3501730.0,Non,1.0,98.0,9.0,0.0,3.0,4.0,1.0,24.0,0,42020760.0,41-50
409,24.0,Homme,Commercial,0.0,3.0,567577.0,Non,4.0,97.0,0.0,1.0,2.0,4.0,2.0,15.0,1,6810924.0,20-30
410,31.0,Femme,Production,9.0,2.0,2131324.0,Non,26.0,98.0,8.0,0.0,1.0,4.0,4.0,4.0,1,25575888.0,31-40
411,35.0,Homme,Production,13.0,4.0,2983165.0,Non,24.0,39.0,5.0,1.0,4.0,4.0,3.0,25.0,0,35797980.0,31-40
412,45.0,Femme,Commercial,5.0,3.0,2131324.0,Non,7.0,79.0,3.0,2.0,5.0,4.0,2.0,29.0,0,25575888.0,41-50
413,45.0,Homme,Finance,4.0,2.0,1051314.0,Oui,0.0,37.0,3.0,0.0,3.0,4.0,2.0,21.0,0,12615768.0,41-50
414,40.0,Homme,Logistique,10.0,4.0,2586686.0,Non,19.0,76.0,0.0,0.0,1.0,4.0,3.0,12.0,1,31040232.0,31-40
415,58.0,Homme,Recherche et Développement,35.0,3.0,6000000.0,Oui,22.0,86.0,23.0,0.0,5.0,4.0,2.0,18.0,1,72000000.0,51-60
416,55.0,Homme,Administration,12.0,4.0,3219578.0,Non,19.0,53.0,3.0,1.0,5.0,3.0,4.0,28.0,1,38634936.0,51-60
417,52.0,Femme,Administration,2.0,3.0,610922.0,Non,10.0,21.0,1.0,1.0,2.0,4.0,1.0,2.0,0,7331064.0,51-60
418,49.0,Femme,Administration,0.0,3.0,487797.0,Oui,38.0,15.0,0.0,1.0,2.0,5.0,4.0,25.0,1,5853564.0,41-50
419,56.0,Femme,Ressources Humaines,5.0,2.0,853353.0,Non,23.0,27.0,3.0,0.0,1.0,3.0,2.0,7.0,0,10240236.0,51-60
420,42.0,Homme,Finance,17.0,3.0,4196051.0,Non,10.0,111.0,4.0,2.0,5.0,3.0,3.0,26.0,1,50352612.0,41-50
421,29.0,Femme,Logistique,7.0,5.0,2647823.0,Non,28.0,34.0,6.0,0.0,2.0,5.0,2.0,25.0,0,31773876.0,20-30
422,24.0,Femme,Commercial,9.0,3.0,804054.0,Non,25.0,59.0,1.0,1.0,3.0,3.0,4.0,25.0,1,9648648.0,20-30
423,55.0,Femme,Ressources Humaines,4.0,3.0,1224436.0,Non,15.0,44.0,4.0,1.0,3.0,5.0,5.0,30.0,1,14693232.0,51-60
424,53.0,Homme,Finance,22.0,3.0,5930698.0,Oui,19.0,58.0,0.0,0.0,5.0,5.0,5.0,11.0,1,71168376.0,51-60
425,50.0,Femme,Recherche et Développement,9.0,4.0,3352269.0,Oui,19.0,58.0,0.0,0.0,2.0,4.0,4.0,1.0,1,40227228.0,41-50
426,29.0,Femme,Production,11.0,4.0,2131324.0,Oui,2.0,107.0,3.0,1.0,1.0,4.0,3.0,10.0,1,25575888.0,20-30
427,38.0,Femme,Logistique,1.0,3.0,647712.0,Non,0.0,54.0,0.0,1.0,1.0,4.0,4.0,11.0,1,7772544.0,31-40
428,51.0,Homme,Administration,12.0,4.0,3150036.0,Oui,0.0,118.0,12.0,1.0,1.0,4.0,4.0,27.0,1,37800432.0,51-60
429,20.0,Femme,Informatique,1.0,2.0,655358.0,Non,16.0,85.0,1.0,1.0,3.0,3.0,2.0,17.0,0,7864296.0,20-30
430,24.0,Femme,Logistique,3.0,2.0,578892.0,Non,1.0,84.0,3.0,1.0,2.0,4.0,4.0,12.0,0,6946704.0,20-30
431,23.0,Homme,Support Client,0.0,3.0,405712.0,Non,28.0,25.0,0.0,1.0,2.0,3.0,3.0,4.0,0,4868544.0,20-30
432,35.0,Femme,Finance,4.0,2.0,1097366.0,Non,19.0,103.0,1.0,1.0,3.0,4.0,2.0,21.0,0,13168392.0,31-40
433,43.0,Femme,Marketing,8.0,3.0,2229447.0,Non,5.0,84.0,2.0,1.0,1.0,4.0,2.0,11.0,0,26753364.0,41-50
434,43.0,Homme,Production,16.0,5.0,6000000.0,Non,7.0,24.0,10.0,2.0,1.0,4.0,2.0,1.0,0,72000000.0,41-50
435,21.0,Homme,Production,0.0,3.0,487927.0,Oui,28.0,104.0,0.0,0.0,5.0,4.0,3.0,30.0,0,5855124.0,20-30
436,47.0,Femme,Recherche et Développement,10.0,4.0,3452841.0,Oui,32.0,64.0,3.0,2.0,4.0,4.0,2.0,4.0,1,41434092.0,41-50
437,51.0,Homme,Logistique,14.0,4.0,3175014.0,Non,2.0,5.0,13.0,5.0,2.0,5.0,2.0,6.0,1,38100168.0,51-60
438,46.0,Femme,Marketing,23.0,4.0,5988522.0,Oui,34.0,22.0,10.0,0.0,2.0,4.0,2.0,25.0,0,71862264.0,41-50
439,39.0,Homme,Support Client,5.0,2.0,780237.0,Oui,4.0,114.0,0.0,1.0,2.0,3.0,4.0,25.0,1,9362844.0,31-40
440,43.0,Femme,Commercial,22.0,3.0,3771744.0,Non,26.0,63.0,16.0,5.0,4.0,4.0,4.0,23.0,1,45260928.0,41-50
441,31.0,Homme,Informatique,2.0,2.0,869145.0,Oui,11.0,86.0,1.0,1.0,5.0,4.0,3.0,11.0,1,10429740.0,31-40
442,54.0,Femme,Production,29.0,3.0,5924077.0,Non,19.0,42.0,4.0,0.0,4.0,3.0,1.0,15.0,0,71088924.0,51-60
443,52.0,Femme,Finance,30.0,4.0,6000000.0,Oui,19.0,106.0,7.0,2.0,1.0,4.0,2.0,22.0,1,72000000.0,51-60
444,52.0,Femme,Administration,4.0,3.0,868046.0,Non,8.0,22.0,1.0,0.0,1.0,4.0,5.0,7.0,1,10416552.0,51-60
445,56.0,Femme,Support Client,13.0,3.0,2131324.0,Non,38.0,95.0,3.0,1.0,2.0,5.0,3.0,29.0,1,25575888.0,51-60
446,31.0,Homme,Informatique,4.0,3.0,1480618.0,Non,3.0,29.0,3.0,1.0,3.0,3.0,3.0,27.0,0,17767416.0,31-40
447,22.0,Femme,Production,2.0,2.0,2131324.0,Non,18.0,76.0,1.0,1.0,2.0,3.0,1.0,8.0,0,25575888.0,20-30
448,20.0,Homme,Administration,0.0,3.0,457020.0,Non,37.0,106.0,0.0,0.0,3.0,4.0,4.0,14.0,1,5484240.0,20-30
449,52.0,Homme,Logistique,33.0,3.0,5416134.0,Oui,26.0,17.0,0.0,1.0,4.0,3.0,3.0,4.0,1,64993608.0,51-60
450,59.0,Homme,Marketing,11.0,3.0,2420517.0,Non,12.0,86.0,3.0,2.0,1.0,3.0,2.0,12.0,0,29046204.0,51-60
451,29.0,Homme,Informatique,2.0,2.0,810863.0,Non,12.0,78.0,0.0,1.0,3.0,4.0,2.0,4.0,1,9730356.0,20-30
452,48.0,Homme,Production,2.0,2.0,545821.0,Non,21.0,96.0,0.0,1.0,4.0,4.0,3.0,10.0,0,6549852.0,41-50
453,32.0,Femme,Commercial,0.0,3.0,547333.0,Non,27.0,20.0,0.0,0.0,1.0,4.0,4.0,9.0,0,6567996.0,31-40
454,31.0,Homme,Commercial,7.0,3.0,2048855.0,Oui,21.0,56.0,1.0,0.0,3.0,3.0,5.0,19.0,1,24586260.0,31-40
455,50.0,Homme,Support Client,21.0,3.0,3202636.0,Non,18.0,102.0,4.0,1.0,2.0,4.0,4.0,12.0,1,38431632.0,41-50
456,21.0,Femme,Production,3.0,3.0,926445.0,Non,7.0,22.0,1.0,1.0,2.0,4.0,4.0,8.0,1,11117340.0,20-30
457,54.0,Homme,Support Client,28.0,3.0,4276802.0,Oui,19.0,90.0,3.0,2.0,2.0,3.0,2.0,20.0,1,51321624.0,51-60
458,42.0,Homme,Ressources Humaines,7.0,4.0,2143712.0,Non,25.0,44.0,7.0,1.0,4.0,4.0,4.0,13.0,1,25724544.0,41-50
459,36.0,Homme,Finance,10.0,4.0,2131324.0,Oui,25.0,43.0,10.0,4.0,2.0,4.0,4.0,17.0,1,25575888.0,31-40
460,45.0,Femme,Production,8.0,3.0,1556288.0,Oui,22.0,81.0,2.0,1.0,5.0,4.0,2.0,14.0,1,18675456.0,41-50
461,27.0,Femme,Recherche et Développement,4.0,3.0,1474434.0,Oui,12.0,87.0,2.0,0.0,1.0,4.0,5.0,9.0,1,17693208.0,20-30
462,48.0,Homme,Finance,13.0,3.0,3247817.0,Oui,27.0,58.0,12.0,1.0,4.0,4.0,2.0,23.0,1,38973804.0,41-50
463,45.0,Homme,Production,27.0,4.0,6000000.0,Non,8.0,46.0,3.0,0.0,2.0,4.0,3.0,30.0,0,72000000.0,41-50
464,29.0,Femme,Production,2.0,2.0,574071.0,Oui,19.0,39.0,1.0,1.0,1.0,3.0,4.0,6.0,1,6888852.0,20-30
465,45.0,Femme,Ressources Humaines,20.0,4.0,4230866.0,Non,18.0,50.0,13.0,4.0,3.0,5.0,4.0,7.0,1,50770392.0,41-50
466,53.0,Homme,Logistique,4.0,2.0,642632.0,Non,38.0,41.0,2.0,1.0,3.0,3.0,4.0,27.0,0,7711584.0,51-60
467,60.0,Femme,Ressources Humaines,18.0,4.0,4459058.0,Oui,11.0,6.0,9.0,4.0,1.0,4.0,2.0,2.0,1,53508696.0,51-60
468,26.0,Homme,Production,3.0,3.0,859235.0,Non,14.0,49.0,2.0,0.0,3.0,3.0,4.0,30.0,1,10310820.0,20-30
469,23.0,Homme,Informatique,0.0,2.0,446664.0,Non,30.0,47.0,0.0,0.0,3.0,4.0,3.0,14.0,0,5359968.0,20-30
470,30.0,Femme,Finance,12.0,3.0,3336476.0,Non,13.0,83.0,1.0,0.0,5.0,4.0,3.0,15.0,0,40037712.0,20-30
471,48.0,Homme,Ressources Humaines,9.0,4.0,2655270.0,Oui,10.0,90.0,5.0,1.0,1.0,5.0,5.0,3.0,1,31863240.0,41-50
472,55.0,Femme,Logistique,24.0,4.0,5392523.0,Non,19.0,5.0,14.0,3.0,5.0,3.0,4.0,15.0,1,64710276.0,51-60
473,44.0,Homme,Marketing,17.0,3.0,2131324.0,Non,26.0,90.0,9.0,0.0,1.0,3.0,2.0,5.0,0,25575888.0,41-50
474,40.0,Homme,Support Client,7.0,4.0,1475599.0,Oui,10.0,58.0,4.0,1.0,1.0,5.0,4.0,0.0,1,17707188.0,31-40
475,55.0,Femme,Production,7.0,5.0,2488903.0,Oui,37.0,58.0,1.0,1.0,5.0,5.0,1.0,3.0,1,29866836.0,51-60
476,29.0,Homme,Recherche et Développement,6.0,4.0,2268093.0,Non,33.0,108.0,4.0,2.0,1.0,3.0,1.0,10.0,0,27217116.0,20-30
477,56.0,Femme,Marketing,9.0,3.0,3363619.0,Oui,18.0,56.0,4.0,0.0,2.0,3.0,3.0,11.0,1,40363428.0,51-60
478,28.0,Homme,Commercial,2.0,3.0,707858.0,Non,5.0,30.0,1.0,1.0,1.0,4.0,5.0,15.0,1,8494296.0,20-30
479,43.0,Homme,Administration,5.0,3.0,1041990.0,Non,37.0,58.0,3.0,0.0,4.0,4.0,2.0,28.0,0,12503880.0,41-50
480,54.0,Homme,Logistique,32.0,5.0,6000000.0,Non,27.0,89.0,22.0,6.0,1.0,4.0,4.0,4.0,1,72000000.0,51-60
481,54.0,Femme,Recherche et Développement,22.0,3.0,5821834.0,Non,19.0,39.0,5.0,2.0,4.0,4.0,2.0,15.0,0,69862008.0,51-60
482,55.0,Homme,Administration,9.0,3.0,3061758.0,Oui,34.0,111.0,3.0,2.0,1.0,4.0,4.0,28.0,1,36741096.0,51-60
483,37.0,Femme,Logistique,0.0,3.0,405676.0,Oui,39.0,44.0,0.0,0.0,3.0,3.0,3.0,20.0,0,4868112.0,31-40
484,58.0,Homme,Informatique,24.0,3.0,6000000.0,Non,7.0,76.0,17.0,1.0,5.0,4.0,3.0,15.0,1,72000000.0,51-60
485,51.0,Femme,Support Client,16.0,5.0,2131324.0,Non,6.0,48.0,8.0,3.0,2.0,3.0,2.0,12.0,1,25575888.0,51-60
486,43.0,Homme,Marketing,0.0,4.0,783608.0,Non,10.0,86.0,0.0,0.0,2.0,4.0,4.0,12.0,1,9403296.0,41-50
487,42.0,Femme,Finance,14.0,4.0,4065427.0,Non,19.0,19.0,0.0,0.0,3.0,4.0,5.0,15.0,1,48785124.0,41-50
488,51.0,Femme,Logistique,1.0,2.0,408117.0,Oui,3.0,100.0,0.0,0.0,5.0,4.0,4.0,26.0,0,4897404.0,51-60
489,56.0,Femme,Finance,13.0,4.0,4572226.0,Oui,24.0,117.0,12.0,4.0,5.0,3.0,3.0,6.0,1,54866712.0,51-60
490,31.0,Femme,Support Client,4.0,2.0,566643.0,Non,11.0,116.0,3.0,1.0,2.0,3.0,3.0,7.0,1,6799716.0,31-40
491,32.0,Femme,Production,7.0,2.0,1228332.0,Oui,25.0,58.0,6.0,2.0,5.0,3.0,3.0,12.0,1,14739984.0,31-40
492,42.0,Femme,Commercial,7.0,4.0,2271861.0,Non,37.0,58.0,5.0,2.0,2.0,4.0,4.0,22.0,1,27262332.0,41-50
493,44.0,Homme,Marketing,18.0,3.0,3918462.0,Non,11.0,27.0,16.0,4.0,5.0,3.0,5.0,26.0,1,47021544.0,41-50
494,54.0,Homme,Support Client,5.0,3.0,1187658.0,Non,36.0,40.0,4.0,0.0,1.0,4.0,1.0,15.0,0,14251896.0,51-60
495,60.0,Femme,Support Client,5.0,5.0,1609361.0,Non,23.0,65.0,5.0,0.0,2.0,4.0,3.0,29.0,0,19312332.0,51-60
496,49.0,Femme,Informatique,2.0,2.0,848364.0,Oui,15.0,24.0,0.0,1.0,2.0,4.0,2.0,28.0,0,10180368.0,41-50
497,36.0,Femme,Administration,6.0,3.0,1743751.0,Non,12.0,57.0,4.0,1.0,4.0,4.0,4.0,30.0,1,20925012.0,31-40
498,39.0,Homme,Commercial,18.0,5.0,5933987.0,Non,24.0,113.0,8.0,3.0,5.0,4.0,4.0,3.0,1,71207844.0,31-40
499,44.0,Homme,Marketing,7.0,2.0,1488252.0,Oui,3.0,40.0,0.0,0.0,5.0,3.0,3.0,7.0,1,17859024.0,41-50
500,43.0,Homme,Production,9.0,4.0,1908744.0,Non,10.0,5.0,1.0,0.0,2.0,5.0,3.0,15.0,1,22904928.0,41-50
501,43.0,Femme,Recherche et Développement,12.0,3.0,2912806.0,Non,15.0,92.0,12.0,5.0,1.0,5.0,4.0,15.0,1,34953672.0,41-50
502,40.0,Homme,Logistique,18.0,3.0,3273162.0,Oui,39.0,0.0,16.0,4.0,4.0,3.0,3.0,24.0,0,39277944.0,31-40
503,53.0,Femme,Administration,6.0,4.0,2230929.0,Non,4.0,73.0,6.0,1.0,5.0,4.0,2.0,13.0,1,26771148.0,51-60
504,49.0,Homme,Logistique,14.0,4.0,3501730.0,Non,1.0,98.0,9.0,0.0,3.0,4.0,1.0,24.0,0,42020760.0,41-50
505,31.0,Femme,Production,12.0,3.0,3389712.0,Oui,30.0,82.0,5.0,0.0,5.0,4.0,3.0,3.0,1,40676544.0,31-40
506,40.0,Homme,Production,10.0,4.0,2586686.0,Non,19.0,76.0,0.0,0.0,1.0,4.0,3.0,12.0,1,31040232.0,31-40
507,23.0,Homme,Informatique,0.0,3.0,579742.0,Non,21.0,81.0,0.0,1.0,4.0,4.0,4.0,5.0,1,6956904.0,20-30
508,45.0,Femme,Administration,9.0,2.0,338686.0,Non,24.0,58.0,0.0,1.0,2.0,4.0,4.0,8.0,0,4064232.0,41-50
509,28.0,Femme,Finance,8.0,2.0,1426015.0,Non,38.0,91.0,0.0,1.0,1.0,3.0,4.0,24.0,0,17112180.0,20-30
510,51.0,Homme,Ressources Humaines,16.0,3.0,3820482.0,Non,10.0,35.0,14.0,2.0,3.0,5.0,3.0,8.0,1,45845784.0,51-60
