IdentifiantMaison,Chambres,Salon,SalleDeBainInterieure,Parking,Meuble,Jardin,Superficie_m2,DistanceRoute_m,Quartier,AgeMaison,LoyerMensuel_BIF,Prix_m2_BIF
1,4.0,Oui,Oui,Oui,Non,Oui,192.0,277.0,Rohero,17.0,2600000,13541.666666666666
2,5.0,Oui,Oui,Non,Oui,Non,234.0,47.0,Rohero,37.0,2600000,11111.111111111111
3,3.0,Oui,Oui,Non,Non,Oui,151.0,45.0,Kinanira,23.0,1069218,7080.913907284768
4,5.0,Oui,Oui,Oui,Oui,Oui,227.0,174.0,Gasekebuye,22.0,2600000,11453.74449339207
5,5.0,Oui,Oui,Oui,Non,Non,262.0,216.0,Gihosha,21.0,2085458,7959.763358778626
6,2.0,Non,Oui,Oui,Non,Oui,79.0,172.0,Gihosha,1.0,1047467,13259.075949367088
7,3.0,Non,Oui,Non,Oui,Oui,168.0,43.0,Kamenge,30.0,945838,5629.988095238095
8,4.0,Oui,Oui,Non,Non,Oui,119.0,249.0,Jabe,10.0,824889,6931.8403361344535
9,3.0,Oui,Non,Non,Non,Oui,150.0,155.0,Kinama,27.0,544343,3628.9533333333334
10,5.0,Oui,Oui,Oui,Oui,Non,238.0,115.0,Kiriri,31.0,2600000,10924.36974789916
11,1.0,Oui,Oui,Non,Non,Oui,35.0,51.0,Ngagara,4.0,2500000,71428.57142857143
12,3.0,Oui,Non,Oui,Non,Non,145.0,67.0,Buyenzi,37.0,459826,3171.213793103448
13,6.0,Oui,Oui,Oui,Non,Non,259.0,229.0,Kinama,9.0,765914,2957.196911196911
14,5.0,Oui,Oui,Oui,Non,Non,262.0,73.0,Kinanira,39.0,1786611,6819.125954198474
15,2.0,Oui,Non,Non,Non,Non,171.0,294.0,Bwiza,23.0,249830,1460.9941520467837
16,4.0,Oui,Oui,Oui,Non,Oui,217.0,154.0,Bwiza,34.0,772406,3559.47465437788
17,6.0,Oui,Oui,Non,Non,Non,281.0,207.0,Kamenge,22.0,1020710,3632.4199288256227
18,6.0,Oui,Oui,Oui,Non,Oui,250.0,65.0,Cibitoke,16.0,1667009,6668.036
19,2.0,Oui,Oui,Oui,Oui,Non,125.0,165.0,Kinama,0.0,872872,6982.976
20,4.0,Oui,Oui,Oui,Non,Non,164.0,20.0,Cibitoke,30.0,889998,5426.817073170731
21,5.0,Oui,Oui,Oui,Non,Oui,249.0,98.0,Rohero,30.0,2600000,10441.767068273093
22,1.0,Oui,Non,Non,Oui,Non,30.0,142.0,Bwiza,33.0,322208,10740.266666666666
23,4.0,Oui,Oui,Oui,Oui,Non,175.0,42.0,Nyakabiga,8.0,846374,4836.4228571428575
24,2.0,Oui,Oui,Non,Non,Oui,171.0,131.0,Kinanira,21.0,1051769,6150.695906432748
25,6.0,Oui,Oui,Non,Non,Oui,265.0,279.0,Ngagara,12.0,2068140,7804.301886792453
26,5.0,Oui,Oui,Non,Non,Non,259.0,168.0,Kiriri,24.0,2600000,10038.610038610039
27,4.0,Oui,Oui,Oui,Non,Non,161.0,81.0,Bwiza,17.0,579453,3599.086956521739
28,1.0,Oui,Non,Oui,Oui,Non,73.0,178.0,Buyenzi,11.0,522789,7161.493150684932
29,4.0,Oui,Oui,Oui,Non,Non,52.0,95.0,Kiriri,39.0,934995,17980.673076923078
30,3.0,Oui,Oui,Non,Oui,Non,146.0,242.0,Kiriri,16.0,2383077,16322.445205479453
31,3.0,Oui,Oui,Non,Non,Non,141.0,268.0,Gasekebuye,14.0,1203784,8537.475177304965
32,2.0,Oui,Non,Oui,Non,Oui,89.0,183.0,Nyakabiga,14.0,728910,8190.0
33,4.0,Oui,Oui,Non,Non,Oui,183.0,213.0,Gihosha,14.0,1524598,8331.136612021857
34,4.0,Oui,Oui,Oui,Non,Non,171.0,154.0,Kinanira,38.0,1557746,9109.625730994152
35,6.0,Oui,Oui,Non,Non,Non,299.0,111.0,Kinama,12.0,999984,3344.4280936454848
36,6.0,Oui,Oui,Oui,Non,Oui,284.0,299.0,Buyenzi,16.0,845638,2977.5985915492956
37,6.0,Oui,Oui,Non,Non,Oui,309.0,288.0,Bwiza,31.0,1103996,3572.802588996764
38,3.0,Oui,Non,Oui,Non,Non,147.0,186.0,Bwiza,8.0,580812,3951.1020408163267
39,4.0,Oui,Oui,Non,Non,Non,192.0,41.0,Bwiza,39.0,534589,2784.3177083333335
40,4.0,Oui,Non,Non,Non,Non,210.0,141.0,Musaga,19.0,915551,4359.766666666666
41,1.0,Oui,Non,Non,Non,Non,67.0,60.0,Gihosha,25.0,567908,8476.23880597015
42,3.0,Oui,Non,Oui,Non,Oui,151.0,191.0,Gihosha,26.0,1609464,10658.701986754966
43,5.0,Oui,Oui,Oui,Oui,Oui,216.0,262.0,Nyakabiga,20.0,1584595,7336.087962962963
44,3.0,Oui,Oui,Oui,Non,Oui,117.0,62.0,Musaga,17.0,784573,6705.752136752137
45,5.0,Oui,Oui,Oui,Non,Oui,205.0,127.0,Kiriri,12.0,2600000,12682.926829268292
46,6.0,Oui,Oui,Oui,Oui,Non,320.0,192.0,Kiriri,15.0,150000,468.75
47,2.0,Oui,Non,Non,Non,Non,109.0,234.0,Gasekebuye,8.0,902908,8283.559633027522
48,4.0,Oui,Oui,Oui,Oui,Non,169.0,172.0,Jabe,11.0,1252990,7414.142011834319
49,1.0,Oui,Non,Oui,Non,Non,67.0,118.0,Bwiza,37.0,266468,3977.134328358209
50,4.0,Oui,Non,Oui,Non,Oui,203.0,256.0,Kamenge,18.0,772553,3805.679802955665
51,6.0,Oui,Oui,Oui,Non,Non,278.0,111.0,Gasekebuye,6.0,2600000,9352.51798561151
52,2.0,Oui,Non,Non,Non,Non,82.0,41.0,Kamenge,34.0,363444,4432.243902439024
53,2.0,Non,Oui,Oui,Non,Non,81.0,96.0,Musaga,17.0,597977,7382.432098765432
54,1.0,Oui,Oui,Non,Non,Non,55.0,22.0,Nyakabiga,20.0,492200,8949.09090909091
55,2.0,Oui,Non,Oui,Non,Non,115.0,67.0,Rohero,38.0,1328618,11553.2
56,5.0,Oui,Oui,Non,Non,Non,206.0,154.0,Musaga,3.0,919586,4464.0097087378645
57,2.0,Oui,Non,Non,Non,Oui,120.0,143.0,Rohero,24.0,1588560,13238.0
58,4.0,Oui,Non,Oui,Non,Oui,209.0,190.0,Buyenzi,31.0,684542,3275.3205741626793
59,4.0,Oui,Oui,Non,Oui,Non,194.0,189.0,Nyakabiga,39.0,1208719,6230.51030927835
60,4.0,Oui,Oui,Oui,Non,Non,171.0,209.0,Kiriri,12.0,2600000,15204.678362573099
61,4.0,Oui,Oui,Non,Non,Oui,176.0,264.0,Kinanira,16.0,1578234,8967.238636363636
62,5.0,Oui,Oui,Oui,Non,Non,230.0,218.0,Gasekebuye,36.0,2006894,8725.626086956521
63,3.0,Non,Non,Non,Oui,Oui,122.0,260.0,Kiriri,5.0,2366166,19394.803278688523
64,6.0,Oui,Oui,Non,Oui,Non,278.0,139.0,Nyakabiga,18.0,2600000,9352.51798561151
65,1.0,Oui,Oui,Non,Non,Non,50.0,65.0,Nyakabiga,12.0,521765,10435.3
66,4.0,Oui,Oui,Non,Non,Non,169.0,92.0,Gihosha,25.0,1517750,8980.76923076923
67,2.0,Non,Oui,Oui,Non,Oui,95.0,211.0,Jabe,13.0,727436,7657.221052631579
68,4.0,Oui,Oui,Oui,Non,Oui,193.0,133.0,Buyenzi,30.0,678188,3513.9274611398964
69,2.0,Oui,Oui,Oui,Non,Oui,120.0,7.0,Gihosha,3.0,1708148,14234.566666666668
70,6.0,Oui,Oui,Oui,Non,Oui,290.0,246.0,Gasekebuye,38.0,2600000,8965.51724137931
71,6.0,Oui,Oui,Non,Non,Non,256.0,125.0,Nyakabiga,7.0,1365310,5333.2421875
72,6.0,Oui,Oui,Oui,Non,Oui,253.0,106.0,Kiriri,24.0,2600000,10276.679841897234
73,2.0,Oui,Oui,Non,Non,Non,127.0,42.0,Gasekebuye,12.0,1296838,10211.322834645669
74,4.0,Oui,Oui,Non,Oui,Oui,212.0,137.0,Rohero,31.0,2600000,12264.150943396226
75,6.0,Oui,Oui,Non,Non,Oui,171.0,206.0,Gasekebuye,37.0,2363592,13822.17543859649
76,5.0,Oui,Oui,Oui,Non,Oui,249.0,25.0,Cibitoke,37.0,1604301,6442.975903614458
77,2.0,Oui,Non,Non,Non,Oui,80.0,246.0,Nyakabiga,27.0,557909,6973.8625
78,2.0,Oui,Oui,Non,Non,Oui,98.0,113.0,Jabe,29.0,623723,6364.5204081632655
79,4.0,Oui,Oui,Oui,Non,Non,215.0,88.0,Nyakabiga,2.0,1274350,5927.209302325581
80,2.0,Oui,Oui,Non,Non,Non,105.0,87.0,Cibitoke,27.0,623265,5935.857142857143
81,2.0,Oui,Non,Non,Non,Non,94.0,295.0,Gasekebuye,2.0,868643,9240.882978723404
82,6.0,Oui,Oui,Oui,Non,Non,270.0,73.0,Buyenzi,33.0,716607,2654.1
83,4.0,Oui,Oui,Oui,Non,Non,216.0,133.0,Rohero,15.0,2571093,11903.208333333334
84,6.0,Oui,Oui,Oui,Non,Oui,285.0,200.0,Nyakabiga,21.0,2600000,9122.807017543859
85,6.0,Oui,Oui,Oui,Non,Non,259.0,154.0,Bwiza,31.0,1050450,4055.7915057915056
86,4.0,Oui,Oui,Oui,Oui,Non,196.0,287.0,Gihosha,20.0,1894478,9665.704081632653
87,1.0,Oui,Non,Oui,Non,Non,33.0,238.0,Nyakabiga,7.0,429276,13008.363636363636
88,6.0,Oui,Oui,Oui,Non,Non,273.0,27.0,Gasekebuye,7.0,2600000,9523.809523809523
89,4.0,Oui,Oui,Oui,Non,Oui,239.0,157.0,Nyakabiga,5.0,1743130,7293.430962343096
90,5.0,Oui,Oui,Non,Non,Non,253.0,281.0,Ngagara,13.0,1460564,5772.98023715415
91,2.0,Oui,Oui,Oui,Non,Non,171.0,65.0,Nyakabiga,31.0,853351,4990.356725146199
92,5.0,Oui,Oui,Non,Non,Non,252.0,56.0,Nyakabiga,34.0,1519041,6027.940476190476
93,2.0,Oui,Oui,Oui,Non,Non,105.0,157.0,Kinama,9.0,705524,6719.27619047619
94,1.0,Oui,Oui,Oui,Non,Non,42.0,241.0,Kinanira,2.0,718058,17096.619047619046
95,4.0,Oui,Oui,Oui,Non,Oui,208.0,36.0,Kinama,11.0,958924,4610.211538461538
96,4.0,Oui,Oui,Oui,Non,Non,198.0,59.0,Rohero,30.0,2476189,12506.005050505051
97,4.0,Oui,Non,Oui,Non,Non,191.0,40.0,Kinanira,28.0,1661275,8697.774869109948
98,5.0,Oui,Oui,Non,Non,Oui,228.0,154.0,Nyakabiga,4.0,1709901,7499.565789473684
99,1.0,Oui,Oui,Oui,Non,Non,47.0,181.0,Jabe,24.0,482350,10262.765957446809
100,5.0,Oui,Oui,Non,Non,Oui,236.0,299.0,Gasekebuye,40.0,2286847,9690.02966101695
101,5.0,Oui,Oui,Non,Non,Oui,241.0,101.0,Cibitoke,30.0,1067184,4428.149377593361
102,1.0,Oui,Oui,Oui,Non,Non,36.0,217.0,Gihosha,20.0,637441,17706.694444444445
103,1.0,Oui,Oui,Oui,Non,Non,73.0,141.0,Kinama,19.0,341839,4682.726027397261
104,4.0,Oui,Oui,Non,Oui,Oui,79.0,10.0,Gasekebuye,20.0,1651976,20911.08860759494
105,1.0,Oui,Non,Oui,Non,Non,37.0,113.0,Bwiza,21.0,223992,6053.8378378378375
106,4.0,Oui,Oui,Oui,Non,Oui,182.0,39.0,Jabe,3.0,1214330,6672.142857142857
107,3.0,Non,Oui,Non,Non,Oui,139.0,43.0,Nyakabiga,12.0,1243624,8946.93525179856
108,3.0,Oui,Oui,Oui,Non,Non,149.0,154.0,Gasekebuye,19.0,1551433,10412.302013422819
109,1.0,Non,Oui,Non,Non,Non,65.0,122.0,Nyakabiga,12.0,393107,6047.8
110,4.0,Oui,Oui,Non,Non,Non,144.0,265.0,Kinanira,16.0,1059409,7357.006944444444
111,3.0,Oui,Oui,Oui,Oui,Oui,131.0,91.0,Nyakabiga,35.0,1375994,10503.770992366412
112,4.0,Non,Non,Oui,Non,Non,73.0,80.0,Nyakabiga,32.0,317276,4346.246575342466
113,3.0,Oui,Oui,Oui,Non,Non,134.0,218.0,Nyakabiga,0.0,719344,5368.238805970149
114,5.0,Oui,Oui,Oui,Oui,Non,252.0,289.0,Ngagara,20.0,1788192,7096.0
115,2.0,Oui,Non,Oui,Non,Non,94.0,243.0,Gihosha,12.0,881102,9373.425531914894
116,2.0,Oui,Oui,Non,Oui,Oui,91.0,169.0,Cibitoke,16.0,980090,10770.21978021978
117,1.0,Oui,Oui,Oui,Non,Non,37.0,91.0,Cibitoke,23.0,405293,10953.864864864865
118,4.0,Oui,Oui,Oui,Non,Oui,218.0,145.0,Kinanira,7.0,1915811,8788.12385321101
119,1.0,Oui,Oui,Non,Non,Non,43.0,164.0,Kinanira,26.0,476807,11088.53488372093
120,4.0,Oui,Non,Non,Non,Oui,208.0,50.0,Nyakabiga,22.0,1094619,5262.591346153846
121,2.0,Oui,Oui,Non,Non,Non,105.0,116.0,Ngagara,7.0,826141,7868.009523809524
122,1.0,Oui,Non,Oui,Non,Non,36.0,49.0,Nyakabiga,7.0,480699,13352.75
123,6.0,Oui,Oui,Non,Oui,Non,290.0,251.0,Ngagara,25.0,2024510,6981.068965517241
124,5.0,Oui,Oui,Oui,Non,Oui,223.0,108.0,Nyakabiga,20.0,1515492,6795.928251121076
125,3.0,Oui,Oui,Oui,Non,Non,126.0,89.0,Kinama,38.0,656963,5213.992063492064
126,4.0,Oui,Oui,Oui,Non,Non,168.0,138.0,Kinama,36.0,702286,4180.273809523809
127,6.0,Oui,Oui,Non,Non,Non,256.0,112.0,Rohero,27.0,2600000,10156.25
128,3.0,Oui,Non,Oui,Non,Non,142.0,22.0,Nyakabiga,24.0,969147,6824.978873239436
129,3.0,Oui,Oui,Oui,Oui,Non,128.0,98.0,Gihosha,15.0,1533061,11977.0390625
130,4.0,Oui,Non,Oui,Oui,Non,55.0,154.0,Jabe,1.0,761904,13852.8
131,4.0,Oui,Oui,Oui,Non,Oui,166.0,250.0,Bwiza,17.0,718007,4325.343373493976
132,5.0,Oui,Oui,Non,Non,Oui,223.0,293.0,Rohero,16.0,2600000,11659.192825112108
133,6.0,Oui,Oui,Non,Oui,Oui,307.0,213.0,Kinanira,29.0,2559567,8337.351791530944
134,3.0,Oui,Non,Non,Non,Oui,161.0,130.0,Buyenzi,38.0,429523,2667.8447204968943
135,1.0,Oui,Non,Oui,Non,Non,40.0,239.0,Nyakabiga,12.0,352989,8824.725
136,5.0,Oui,Oui,Oui,Non,Non,257.0,126.0,Gasekebuye,31.0,2435903,9478.221789883268
137,2.0,Non,Oui,Oui,Non,Non,74.0,142.0,Kiriri,28.0,1117990,15107.972972972973
138,6.0,Oui,Oui,Oui,Oui,Non,284.0,119.0,Kinama,29.0,1421577,5005.552816901409
139,3.0,Oui,Oui,Oui,Non,Oui,126.0,166.0,Gasekebuye,17.0,1296997,10293.626984126984
140,1.0,Non,Non,Non,Non,Non,49.0,205.0,Buyenzi,12.0,136149,2778.5510204081634
141,2.0,Oui,Oui,Oui,Oui,Non,121.0,238.0,Ngagara,20.0,1185706,9799.223140495867
142,2.0,Oui,Non,Oui,Oui,Oui,128.0,32.0,Buyenzi,29.0,693615,5418.8671875
143,4.0,Oui,Oui,Oui,Non,Non,180.0,15.0,Gihosha,20.0,1561007,8672.261111111111
144,4.0,Oui,Oui,Oui,Non,Oui,240.0,210.0,Nyakabiga,16.0,1663240,6930.166666666667
145,3.0,Oui,Oui,Oui,Non,Oui,167.0,171.0,Cibitoke,39.0,827999,4958.077844311377
146,1.0,Oui,Oui,Non,Non,Non,47.0,251.0,Buyenzi,18.0,177224,3770.723404255319
147,4.0,Oui,Oui,Non,Non,Oui,175.0,51.0,Nyakabiga,20.0,1152457,6585.4685714285715
148,5.0,Oui,Oui,Non,Non,Non,261.0,250.0,Cibitoke,8.0,1323166,5069.60153256705
149,4.0,Oui,Oui,Oui,Non,Non,198.0,131.0,Ngagara,9.0,1140448,5759.838383838384
150,6.0,Oui,Oui,Oui,Non,Non,294.0,151.0,Rohero,30.0,2600000,8843.537414965986
151,5.0,Oui,Oui,Oui,Non,Oui,257.0,122.0,Gasekebuye,22.0,2451878,9540.381322957199
152,5.0,Oui,Oui,Oui,Non,Oui,246.0,156.0,Cibitoke,29.0,1177720,4787.4796747967475
153,3.0,Oui,Non,Non,Non,Oui,171.0,76.0,Rohero,32.0,1995431,11669.187134502923
154,4.0,Oui,Oui,Oui,Non,Non,243.0,141.0,Kinama,8.0,876345,3606.358024691358
155,4.0,Oui,Oui,Oui,Non,Non,173.0,179.0,Bwiza,0.0,699138,4041.2601156069363
156,5.0,Oui,Oui,Oui,Non,Oui,235.0,293.0,Nyakabiga,34.0,1466574,6240.740425531915
157,3.0,Oui,Oui,Oui,Non,Non,172.0,23.0,Buyenzi,10.0,508768,2957.953488372093
158,3.0,Oui,Oui,Non,Non,Non,119.0,199.0,Kinama,33.0,365296,3069.714285714286
159,6.0,Oui,Oui,Oui,Non,Non,284.0,179.0,Nyakabiga,15.0,1028999,3623.2359154929577
160,4.0,Oui,Oui,Oui,Non,Non,182.0,145.0,Kiriri,8.0,2600000,14285.714285714286
161,2.0,Oui,Oui,Oui,Non,Non,98.0,250.0,Musaga,31.0,494778,5048.755102040816
162,2.0,Oui,Oui,Oui,Oui,Oui,112.0,97.0,Kamenge,14.0,1066380,9521.25
163,5.0,Oui,Oui,Non,Non,Oui,215.0,243.0,Jabe,11.0,1341097,6237.660465116279
164,6.0,Oui,Oui,Non,Non,Non,267.0,209.0,Gihosha,32.0,2036681,7628.01872659176
165,1.0,Oui,Oui,Non,Non,Non,71.0,52.0,Rohero,13.0,1063895,14984.43661971831
166,5.0,Oui,Oui,Non,Non,Non,216.0,249.0,Bwiza,7.0,784084,3630.0185185185187
167,6.0,Oui,Oui,Oui,Non,Non,258.0,299.0,Musaga,7.0,1238428,4800.108527131783
168,4.0,Oui,Oui,Non,Non,Oui,169.0,132.0,Kamenge,26.0,772010,4568.10650887574
169,4.0,Oui,Non,Oui,Non,Oui,217.0,286.0,Nyakabiga,20.0,774690,3570.0
170,4.0,Oui,Oui,Oui,Non,Non,203.0,21.0,Gihosha,0.0,1698993,8369.423645320197
171,4.0,Oui,Oui,Non,Oui,Oui,176.0,75.0,Rohero,20.0,2233069,12687.892045454546
172,4.0,Oui,Oui,Oui,Non,Oui,197.0,273.0,Nyakabiga,10.0,1420910,7212.741116751269
173,6.0,Oui,Oui,Non,Non,Non,256.0,286.0,Gihosha,38.0,1887787,7374.16796875
174,6.0,Oui,Oui,Oui,Non,Non,295.0,11.0,Buyenzi,30.0,896416,3038.6983050847457
175,3.0,Oui,Oui,Non,Oui,Non,127.0,107.0,Kinama,16.0,754605,5941.771653543307
176,2.0,Oui,Oui,Non,Oui,Non,109.0,197.0,Kiriri,32.0,1821920,16714.8623853211
177,4.0,Oui,Oui,Non,Non,Oui,201.0,245.0,Kamenge,31.0,735393,3658.6716417910447
178,1.0,Oui,Oui,Non,Non,Non,33.0,66.0,Kamenge,28.0,250370,7586.969696969697
179,6.0,Oui,Oui,Non,Non,Oui,299.0,21.0,Bwiza,20.0,1232722,4122.816053511706
180,1.0,Oui,Oui,Oui,Non,Non,51.0,175.0,Kiriri,20.0,948477,18597.58823529412
181,4.0,Non,Oui,Oui,Oui,Non,82.0,29.0,Kamenge,39.0,457947,5584.719512195122
182,1.0,Oui,Oui,Oui,Non,Non,30.0,255.0,Kiriri,22.0,812126,27070.866666666665
183,3.0,Oui,Oui,Non,Non,Non,119.0,257.0,Rohero,5.0,1690726,14207.781512605043
184,6.0,Oui,Oui,Oui,Non,Non,278.0,211.0,Buyenzi,21.0,693275,2493.794964028777
185,1.0,Oui,Oui,Non,Non,Oui,61.0,33.0,Gihosha,37.0,703178,11527.508196721312
186,4.0,Oui,Non,Oui,Oui,Non,197.0,121.0,Kinama,36.0,902442,4580.923857868021
187,5.0,Oui,Oui,Oui,Oui,Non,223.0,286.0,Buyenzi,7.0,1125333,5046.336322869955
188,1.0,Non,Oui,Non,Non,Non,32.0,148.0,Musaga,40.0,156174,4880.4375
189,3.0,Oui,Oui,Oui,Oui,Non,162.0,29.0,Nyakabiga,34.0,1136929,7018.080246913581
190,4.0,Oui,Oui,Oui,Oui,Non,294.0,160.0,Kiriri,10.0,2600000,8843.537414965986
191,3.0,Non,Non,Oui,Non,Oui,115.0,77.0,Cibitoke,23.0,893796,7772.139130434783
192,1.0,Oui,Oui,Non,Non,Non,46.0,154.0,Buyenzi,20.0,199931,4346.326086956522
193,6.0,Oui,Oui,Oui,Non,Non,301.0,97.0,Bwiza,1.0,856704,2846.1926910299003
194,5.0,Oui,Oui,Oui,Non,Non,221.0,90.0,Musaga,39.0,1098204,4969.248868778281
195,1.0,Oui,Oui,Oui,Non,Non,31.0,122.0,Kinama,18.0,315568,10179.612903225807
196,3.0,Oui,Non,Oui,Non,Non,139.0,237.0,Bwiza,38.0,559592,4025.8417266187053
197,2.0,Oui,Non,Non,Non,Non,114.0,154.0,Bwiza,27.0,360162,3159.315789473684
198,4.0,Oui,Non,Non,Oui,Non,163.0,210.0,Gasekebuye,16.0,2253807,13827.03680981595
199,3.0,Non,Non,Oui,Non,Oui,150.0,151.0,Cibitoke,5.0,885755,5905.033333333334
200,6.0,Oui,Oui,Oui,Non,Non,255.0,275.0,Kiriri,18.0,2600000,10196.078431372549
201,1.0,Oui,Oui,Oui,Non,Non,84.0,143.0,Cibitoke,37.0,405006,4821.5
202,4.0,Oui,Oui,Non,Non,Oui,190.0,185.0,Buyenzi,27.0,580183,3053.5947368421052
203,1.0,Oui,Non,Non,Non,Non,43.0,34.0,Bwiza,1.0,306610,7130.46511627907
204,6.0,Oui,Oui,Oui,Non,Non,293.0,61.0,Kamenge,37.0,987010,3368.6348122866893
205,1.0,Non,Non,Oui,Non,Oui,78.0,236.0,Kinanira,36.0,541250,6939.102564102564
206,2.0,Non,Oui,Oui,Non,Non,108.0,150.0,Kinama,3.0,482399,4466.657407407408
207,4.0,Oui,Oui,Non,Oui,Non,186.0,52.0,Kamenge,21.0,1016783,5466.575268817204
208,4.0,Oui,Oui,Oui,Non,Non,169.0,198.0,Kinama,25.0,655523,3878.834319526627
209,6.0,Oui,Oui,Non,Non,Oui,275.0,228.0,Kiriri,35.0,2600000,9454.545454545454
210,2.0,Oui,Oui,Non,Non,Oui,88.0,140.0,Kinanira,12.0,924635,10507.21590909091
211,3.0,Oui,Oui,Oui,Non,Oui,153.0,26.0,Jabe,31.0,1015575,6637.745098039216
212,1.0,Oui,Oui,Oui,Non,Non,30.0,10.0,Nyakabiga,16.0,501563,16718.766666666666
213,5.0,Oui,Oui,Oui,Non,Oui,249.0,208.0,Kinanira,40.0,1788919,7184.413654618474
214,1.0,Oui,Non,Non,Non,Non,37.0,243.0,Kiriri,35.0,406192,10978.162162162162
215,1.0,Oui,Oui,Non,Non,Oui,74.0,189.0,Ngagara,18.0,684234,9246.405405405405
216,3.0,Oui,Non,Non,Non,Oui,142.0,296.0,Gasekebuye,34.0,1599599,11264.781690140846
217,1.0,Non,Oui,Oui,Non,Non,82.0,224.0,Buyenzi,39.0,252890,3084.0243902439024
218,2.0,Oui,Oui,Oui,Non,Non,89.0,120.0,Kiriri,27.0,1120678,12591.887640449439
219,2.0,Oui,Non,Non,Oui,Oui,97.0,53.0,Buyenzi,0.0,598488,6169.979381443299
220,4.0,Oui,Oui,Non,Non,Non,167.0,177.0,Musaga,17.0,801099,4797.0
221,6.0,Oui,Oui,Oui,Oui,Oui,290.0,86.0,Kamenge,39.0,1612959,5561.927586206896
222,5.0,Oui,Oui,Non,Non,Non,243.0,49.0,Gasekebuye,32.0,2248408,9252.707818930041
223,1.0,Oui,Non,Non,Oui,Non,30.0,24.0,Musaga,11.0,620225,20674.166666666668
224,1.0,Oui,Oui,Oui,Non,Non,30.0,154.0,Ngagara,7.0,516258,17208.6
225,3.0,Oui,Non,Non,Non,Oui,127.0,127.0,Nyakabiga,23.0,1313715,10344.212598425196
226,4.0,Oui,Oui,Non,Oui,Oui,277.0,238.0,Buyenzi,15.0,988040,3566.9314079422384
227,2.0,Oui,Oui,Oui,Non,Non,126.0,225.0,Rohero,3.0,1441714,11442.174603174602
228,5.0,Oui,Oui,Oui,Non,Non,264.0,7.0,Kinanira,37.0,2137503,8096.602272727273
229,4.0,Oui,Oui,Oui,Non,Oui,208.0,186.0,Gasekebuye,26.0,2109415,10141.41826923077
230,2.0,Oui,Oui,Non,Oui,Non,94.0,210.0,Kinanira,8.0,1183943,12595.13829787234
231,6.0,Oui,Oui,Oui,Non,Oui,305.0,44.0,Ngagara,15.0,1877765,6156.606557377049
232,4.0,Oui,Oui,Oui,Non,Oui,192.0,63.0,Nyakabiga,11.0,1253462,6528.447916666667
233,3.0,Oui,Oui,Oui,Oui,Non,152.0,66.0,Kinama,30.0,864449,5687.164473684211
234,3.0,Oui,Non,Oui,Oui,Non,167.0,136.0,Bwiza,23.0,648210,3881.497005988024
235,1.0,Non,Non,Non,Non,Non,30.0,64.0,Bwiza,13.0,142096,4736.533333333334
236,6.0,Oui,Oui,Non,Non,Non,307.0,126.0,Ngagara,24.0,1985966,6468.944625407166
237,5.0,Oui,Oui,Oui,Non,Oui,248.0,154.0,Nyakabiga,33.0,887255,3577.641129032258
238,4.0,Oui,Oui,Oui,Non,Non,204.0,154.0,Nyakabiga,2.0,706249,3462.0049019607845
239,2.0,Non,Oui,Oui,Non,Oui,101.0,154.0,Ngagara,23.0,702553,6955.970297029703
240,4.0,Oui,Oui,Non,Non,Non,294.0,66.0,Kinama,8.0,1013672,3447.8639455782313
241,6.0,Oui,Oui,Non,Oui,Oui,296.0,260.0,Kiriri,25.0,2600000,8783.783783783783
242,3.0,Oui,Non,Oui,Non,Non,135.0,53.0,Musaga,19.0,606926,4495.748148148148
243,1.0,Oui,Oui,Oui,Non,Non,40.0,163.0,Ngagara,39.0,364323,9108.075
244,1.0,Oui,Oui,Non,Non,Oui,78.0,128.0,Kiriri,9.0,1574863,20190.55128205128
245,4.0,Oui,Non,Non,Non,Non,180.0,211.0,Buyenzi,18.0,493603,2742.238888888889
246,3.0,Oui,Oui,Non,Non,Oui,125.0,52.0,Ngagara,2.0,1208660,9669.28
247,6.0,Oui,Oui,Oui,Oui,Non,309.0,140.0,Buyenzi,23.0,1283770,4154.595469255663
248,5.0,Oui,Oui,Non,Non,Oui,241.0,205.0,Ngagara,4.0,1675700,6953.112033195021
249,3.0,Oui,Oui,Oui,Oui,Oui,150.0,254.0,Kinama,2.0,951743,6344.953333333333
250,4.0,Oui,Oui,Oui,Non,Oui,194.0,299.0,Nyakabiga,26.0,1118967,5767.871134020618
251,4.0,Oui,Oui,Non,Oui,Oui,178.0,213.0,Gihosha,15.0,2257352,12681.752808988764
252,3.0,Oui,Non,Non,Non,Non,134.0,215.0,Kiriri,14.0,2190088,16343.940298507463
253,4.0,Oui,Oui,Non,Non,Oui,216.0,196.0,Kinama,34.0,728007,3370.402777777778
254,3.0,Oui,Oui,Oui,Non,Non,132.0,48.0,Kamenge,11.0,742264,5623.212121212121
255,2.0,Oui,Oui,Oui,Non,Non,116.0,33.0,Cibitoke,40.0,654254,5640.120689655172
256,3.0,Oui,Non,Non,Non,Non,155.0,63.0,Kiriri,25.0,1681668,10849.470967741936
257,3.0,Oui,Oui,Non,Oui,Non,163.0,75.0,Nyakabiga,33.0,1197372,7345.840490797546
258,4.0,Oui,Non,Oui,Oui,Non,173.0,96.0,Musaga,20.0,1252536,7240.092485549133
259,4.0,Oui,Non,Oui,Non,Non,174.0,269.0,Kinanira,30.0,1140428,6554.183908045977
260,1.0,Non,Oui,Oui,Non,Non,55.0,224.0,Bwiza,19.0,294403,5352.781818181818
261,1.0,Non,Oui,Non,Non,Non,171.0,219.0,Kinama,20.0,192180,1123.859649122807
262,2.0,Oui,Non,Non,Non,Non,122.0,281.0,Ngagara,22.0,629805,5162.336065573771
263,1.0,Oui,Oui,Oui,Non,Non,78.0,68.0,Jabe,20.0,559685,7175.448717948718
264,3.0,Oui,Oui,Oui,Non,Non,168.0,296.0,Kinama,22.0,451020,2684.6428571428573
265,4.0,Oui,Oui,Non,Non,Non,171.0,249.0,Gasekebuye,0.0,1796479,10505.72514619883
266,1.0,Oui,Oui,Non,Non,Non,40.0,66.0,Kiriri,24.0,859665,21491.625
267,4.0,Oui,Non,Oui,Non,Non,47.0,174.0,Rohero,1.0,1028667,21886.531914893618
268,2.0,Oui,Oui,Oui,Non,Non,126.0,273.0,Kiriri,29.0,1448038,11492.36507936508
269,6.0,Oui,Oui,Oui,Non,Oui,260.0,271.0,Nyakabiga,2.0,1782047,6854.026923076923
270,2.0,Oui,Oui,Oui,Non,Non,81.0,58.0,Gasekebuye,20.0,1363749,16836.40740740741
271,3.0,Oui,Oui,Oui,Non,Oui,124.0,154.0,Gihosha,24.0,1521360,12269.032258064517
272,4.0,Oui,Oui,Non,Non,Oui,191.0,12.0,Musaga,19.0,1055370,5525.497382198952
273,2.0,Oui,Oui,Non,Non,Non,85.0,108.0,Rohero,21.0,1224926,14410.894117647058
274,1.0,Oui,Non,Non,Non,Non,32.0,154.0,Buyenzi,20.0,151335,4729.21875
275,4.0,Oui,Oui,Non,Non,Oui,197.0,44.0,Nyakabiga,32.0,1146731,5820.969543147208
276,4.0,Oui,Oui,Oui,Non,Oui,171.0,241.0,Jabe,37.0,1197233,7001.362573099415
277,1.0,Oui,Oui,Oui,Non,Non,48.0,98.0,Rohero,14.0,1077747,22453.0625
278,2.0,Oui,Non,Oui,Non,Non,97.0,154.0,Kinama,14.0,340768,3513.0721649484535
279,1.0,Oui,Oui,Oui,Non,Non,77.0,208.0,Musaga,24.0,408430,5304.285714285715
280,6.0,Oui,Oui,Non,Non,Non,257.0,142.0,Nyakabiga,20.0,1048698,4080.536964980545
281,4.0,Oui,Oui,Non,Non,Non,217.0,211.0,Kinama,23.0,773800,3565.8986175115206
282,5.0,Oui,Oui,Oui,Non,Oui,232.0,85.0,Buyenzi,4.0,919685,3964.1594827586205
283,5.0,Oui,Oui,Oui,Non,Non,240.0,222.0,Kiriri,5.0,2600000,10833.333333333334
284,3.0,Oui,Oui,Non,Non,Non,140.0,6.0,Kinanira,22.0,1019019,7278.707142857143
285,1.0,Oui,Oui,Oui,Oui,Non,32.0,182.0,Musaga,3.0,617267,19289.59375
286,1.0,Oui,Oui,Oui,Non,Non,82.0,283.0,Kinanira,26.0,819806,9997.634146341463
287,3.0,Oui,Non,Non,Non,Non,174.0,150.0,Nyakabiga,20.0,849594,4882.724137931034
288,4.0,Oui,Oui,Non,Oui,Non,164.0,228.0,Gasekebuye,20.0,2046104,12476.243902439024
289,3.0,Non,Oui,Oui,Oui,Oui,142.0,66.0,Nyakabiga,20.0,1531501,10785.218309859154
290,4.0,Oui,Oui,Oui,Non,Non,187.0,298.0,Kinanira,34.0,1307156,6990.139037433155
291,6.0,Oui,Oui,Non,Non,Oui,286.0,243.0,Jabe,21.0,1209913,4230.465034965035
292,1.0,Oui,Oui,Oui,Non,Oui,65.0,199.0,Gasekebuye,39.0,900405,13852.384615384615
293,4.0,Oui,Oui,Oui,Oui,Non,195.0,170.0,Nyakabiga,22.0,1474447,7561.266666666666
294,3.0,Oui,Oui,Non,Non,Oui,141.0,226.0,Nyakabiga,2.0,739378,5243.815602836879
295,1.0,Oui,Non,Oui,Non,Non,78.0,65.0,Ngagara,39.0,503262,6452.076923076923
296,4.0,Oui,Oui,Non,Non,Non,171.0,133.0,Kamenge,9.0,725340,4241.754385964912
297,6.0,Oui,Oui,Oui,Non,Oui,171.0,177.0,Gasekebuye,24.0,2600000,15204.678362573099
298,4.0,Oui,Non,Non,Non,Non,192.0,160.0,Nyakabiga,7.0,947421,4934.484375
299,6.0,Oui,Oui,Oui,Non,Oui,302.0,114.0,Nyakabiga,10.0,1745877,5781.049668874172
300,3.0,Oui,Oui,Oui,Non,Oui,134.0,273.0,Kinama,4.0,708048,5283.940298507463
301,4.0,Oui,Oui,Oui,Non,Oui,262.0,282.0,Kinanira,36.0,1987297,7585.103053435115
302,1.0,Oui,Oui,Oui,Non,Non,52.0,78.0,Nyakabiga,37.0,456328,8775.538461538461
303,3.0,Oui,Oui,Non,Oui,Oui,162.0,211.0,Gihosha,28.0,1928433,11903.907407407407
304,1.0,Oui,Oui,Oui,Non,Non,53.0,283.0,Gasekebuye,4.0,688494,12990.452830188678
305,5.0,Oui,Oui,Oui,Oui,Non,217.0,208.0,Bwiza,8.0,934177,4304.963133640553
306,2.0,Oui,Oui,Oui,Non,Oui,115.0,165.0,Bwiza,20.0,682714,5936.643478260869
307,6.0,Oui,Oui,Non,Non,Non,284.0,32.0,Rohero,20.0,2600000,9154.929577464789
308,2.0,Oui,Oui,Non,Non,Non,75.0,261.0,Nyakabiga,39.0,436094,5814.586666666667
309,2.0,Non,Oui,Oui,Oui,Non,87.0,169.0,Rohero,29.0,1660346,19084.436781609194
310,6.0,Oui,Oui,Oui,Oui,Non,300.0,67.0,Musaga,10.0,1663707,5545.69
311,3.0,Oui,Non,Oui,Non,Oui,119.0,26.0,Cibitoke,27.0,951831,7998.579831932773
312,5.0,Oui,Oui,Non,Non,Oui,251.0,74.0,Jabe,11.0,1553092,6187.617529880478
313,1.0,Oui,Oui,Oui,Oui,Non,49.0,154.0,Gihosha,38.0,1134781,23158.79591836735
314,4.0,Oui,Oui,Non,Non,Non,161.0,167.0,Jabe,25.0,879679,5463.844720496894
315,1.0,Oui,Oui,Oui,Non,Non,34.0,83.0,Kinanira,12.0,782756,23022.235294117647
316,4.0,Oui,Non,Non,Non,Oui,215.0,9.0,Kiriri,7.0,2600000,12093.023255813954
317,1.0,Oui,Non,Oui,Non,Non,54.0,124.0,Kamenge,27.0,332640,6160.0
318,6.0,Oui,Oui,Oui,Oui,Non,299.0,182.0,Gasekebuye,29.0,2600000,8695.652173913044
319,5.0,Oui,Oui,Oui,Non,Non,263.0,180.0,Gihosha,8.0,2216024,8425.946768060836
320,4.0,Oui,Oui,Non,Non,Non,204.0,221.0,Nyakabiga,38.0,832796,4082.3333333333335
321,3.0,Oui,Non,Oui,Non,Oui,119.0,60.0,Gasekebuye,30.0,1738158,14606.36974789916
322,1.0,Oui,Oui,Oui,Non,Non,79.0,191.0,Gihosha,20.0,911902,11543.06329113924
323,1.0,Oui,Oui,Oui,Non,Non,171.0,236.0,Jabe,33.0,481866,2817.9298245614036
324,4.0,Oui,Oui,Oui,Non,Oui,192.0,259.0,Kiriri,30.0,2534681,13201.463541666666
325,3.0,Oui,Oui,Non,Non,Non,168.0,154.0,Kamenge,24.0,638560,3800.9523809523807
326,3.0,Oui,Oui,Non,Non,Non,115.0,81.0,Ngagara,11.0,1037226,9019.35652173913
327,6.0,Oui,Oui,Non,Non,Oui,267.0,234.0,Kinanira,0.0,2089891,7827.307116104869
328,6.0,Oui,Oui,Oui,Non,Non,281.0,262.0,Kiriri,21.0,2600000,9252.669039145907
329,6.0,Oui,Oui,Non,Non,Non,296.0,268.0,Kinama,39.0,916087,3094.8885135135133
330,6.0,Oui,Oui,Oui,Non,Non,171.0,186.0,Rohero,36.0,2600000,15204.678362573099
331,6.0,Oui,Oui,Oui,Oui,Oui,260.0,260.0,Gasekebuye,0.0,2600000,10000.0
332,6.0,Oui,Oui,Oui,Non,Oui,171.0,42.0,Bwiza,0.0,1163856,6806.175438596491
333,5.0,Oui,Oui,Oui,Non,Non,230.0,180.0,Nyakabiga,20.0,1346455,5854.152173913043
334,3.0,Oui,Oui,Non,Non,Oui,171.0,31.0,Nyakabiga,20.0,1743777,10197.526315789473
335,6.0,Oui,Oui,Non,Non,Non,271.0,280.0,Musaga,16.0,1042623,3847.3173431734317
336,3.0,Oui,Non,Non,Non,Non,173.0,144.0,Bwiza,21.0,647110,3740.5202312138726
337,3.0,Oui,Oui,Oui,Non,Oui,141.0,291.0,Jabe,37.0,887492,6294.269503546099
338,2.0,Oui,Oui,Oui,Non,Non,118.0,95.0,Bwiza,34.0,497616,4217.0847457627115
339,5.0,Oui,Oui,Oui,Oui,Non,217.0,65.0,Kamenge,15.0,1160062,5345.907834101383
340,6.0,Oui,Oui,Oui,Oui,Oui,282.0,167.0,Rohero,7.0,2600000,9219.85815602837
341,1.0,Oui,Oui,Oui,Non,Non,58.0,147.0,Cibitoke,16.0,511294,8815.413793103447
342,4.0,Oui,Oui,Oui,Non,Non,200.0,257.0,Kamenge,16.0,909285,4546.425
343,1.0,Oui,Oui,Oui,Non,Non,59.0,273.0,Kiriri,25.0,894878,15167.42372881356
344,5.0,Oui,Oui,Oui,Non,Non,205.0,295.0,Cibitoke,12.0,1287255,6279.292682926829
345,4.0,Oui,Oui,Non,Non,Non,180.0,191.0,Jabe,16.0,948691,5270.5055555555555
346,5.0,Oui,Oui,Non,Non,Non,252.0,295.0,Kinanira,20.0,1704211,6762.742063492064
347,3.0,Oui,Non,Non,Oui,Non,169.0,90.0,Jabe,20.0,1054671,6240.656804733728
348,4.0,Oui,Oui,Non,Non,Non,171.0,170.0,Gihosha,13.0,1299815,7601.25730994152
349,3.0,Oui,Oui,Oui,Non,Non,171.0,118.0,Musaga,5.0,818429,4786.1345029239765
350,1.0,Oui,Oui,Non,Non,Non,41.0,187.0,Gasekebuye,34.0,533641,13015.634146341463
351,1.0,Oui,Oui,Non,Non,Non,171.0,211.0,Bwiza,13.0,181870,1063.5672514619882
352,4.0,Oui,Oui,Oui,Non,Oui,190.0,260.0,Nyakabiga,7.0,1377223,7248.542105263158
353,4.0,Oui,Oui,Oui,Non,Oui,164.0,239.0,Cibitoke,14.0,1190263,7257.701219512195
354,6.0,Oui,Oui,Non,Non,Oui,287.0,7.0,Rohero,26.0,2600000,9059.233449477351
355,5.0,Oui,Oui,Oui,Non,Non,207.0,212.0,Nyakabiga,12.0,1256873,6071.850241545893
356,6.0,Oui,Oui,Oui,Non,Non,302.0,201.0,Gasekebuye,30.0,2600000,8609.271523178808
357,5.0,Oui,Oui,Oui,Non,Non,227.0,129.0,Kinanira,34.0,1780093,7841.819383259912
358,6.0,Oui,Oui,Oui,Non,Non,286.0,154.0,Ngagara,5.0,1744504,6099.664335664335
359,3.0,Oui,Oui,Oui,Oui,Non,167.0,29.0,Kinanira,20.0,1943935,11640.329341317365
360,4.0,Oui,Non,Oui,Non,Non,196.0,72.0,Kinama,21.0,728525,3716.964285714286
361,1.0,Oui,Non,Oui,Non,Non,34.0,154.0,Gasekebuye,22.0,611730,17992.058823529413
362,5.0,Oui,Oui,Oui,Non,Oui,171.0,33.0,Rohero,24.0,2578143,15076.859649122807
363,4.0,Oui,Oui,Non,Non,Oui,223.0,23.0,Kiriri,33.0,2164627,9706.847533632286
364,1.0,Oui,Non,Oui,Non,Non,41.0,175.0,Bwiza,25.0,258517,6305.292682926829
365,6.0,Oui,Oui,Oui,Non,Non,270.0,78.0,Ngagara,4.0,1780867,6595.803703703704
366,5.0,Oui,Oui,Oui,Non,Oui,218.0,65.0,Musaga,25.0,1326405,6084.426605504587
367,3.0,Oui,Oui,Non,Non,Oui,123.0,157.0,Gihosha,19.0,1159467,9426.560975609756
368,4.0,Oui,Non,Oui,Oui,Non,205.0,280.0,Kamenge,5.0,1046949,5107.068292682927
369,1.0,Oui,Non,Oui,Non,Non,171.0,52.0,Nyakabiga,5.0,471026,2754.5380116959063
370,4.0,Oui,Oui,Non,Non,Non,210.0,215.0,Kiriri,17.0,2600000,12380.952380952382
371,4.0,Oui,Oui,Non,Non,Non,249.0,143.0,Gihosha,3.0,1657285,6655.763052208836
372,5.0,Oui,Oui,Oui,Non,Non,217.0,114.0,Bwiza,16.0,1002192,4618.3963133640555
373,1.0,Oui,Oui,Non,Non,Non,30.0,187.0,Gihosha,13.0,567593,18919.766666666666
374,3.0,Oui,Oui,Oui,Non,Non,115.0,32.0,Kinanira,13.0,1220099,10609.55652173913
375,2.0,Oui,Oui,Oui,Oui,Non,118.0,201.0,Musaga,12.0,954055,8085.21186440678
376,1.0,Oui,Oui,Oui,Non,Non,64.0,195.0,Bwiza,6.0,342357,5349.328125
377,2.0,Oui,Oui,Oui,Non,Non,101.0,55.0,Gasekebuye,14.0,1229262,12170.910891089108
378,6.0,Oui,Oui,Non,Non,Oui,283.0,153.0,Kinanira,18.0,2594250,9166.96113074205
379,2.0,Oui,Oui,Oui,Non,Non,97.0,272.0,Buyenzi,34.0,281230,2899.278350515464
380,3.0,Oui,Oui,Oui,Non,Non,145.0,54.0,Cibitoke,16.0,877121,6049.110344827586
381,6.0,Oui,Oui,Non,Non,Non,171.0,250.0,Nyakabiga,34.0,1320592,7722.7602339181285
382,2.0,Oui,Oui,Non,Non,Oui,108.0,154.0,Jabe,18.0,837956,7758.851851851852
383,6.0,Oui,Oui,Oui,Non,Non,275.0,174.0,Cibitoke,19.0,1537399,5590.541818181819
384,2.0,Oui,Oui,Non,Non,Non,127.0,170.0,Kamenge,35.0,382743,3013.7244094488187
385,3.0,Oui,Oui,Oui,Non,Oui,148.0,18.0,Buyenzi,34.0,594316,4015.6486486486488
386,2.0,Oui,Oui,Non,Non,Non,123.0,207.0,Rohero,20.0,1502898,12218.682926829268
387,2.0,Oui,Oui,Non,Non,Non,123.0,292.0,Kamenge,39.0,393758,3201.2845528455287
388,2.0,Non,Oui,Non,Non,Oui,72.0,193.0,Kamenge,23.0,453508,6298.722222222223
389,1.0,Oui,Oui,Oui,Non,Oui,83.0,159.0,Kinama,16.0,400447,4824.6626506024095
390,1.0,Non,Oui,Oui,Non,Oui,74.0,59.0,Gasekebuye,6.0,1208953,16337.202702702703
391,1.0,Oui,Non,Oui,Non,Non,171.0,154.0,Nyakabiga,0.0,455996,2666.6432748538014
392,3.0,Oui,Oui,Oui,Non,Non,115.0,214.0,Kinanira,34.0,1137214,9888.817391304348
393,6.0,Oui,Oui,Oui,Non,Non,303.0,79.0,Musaga,31.0,1354551,4470.465346534654
394,5.0,Oui,Oui,Non,Non,Non,248.0,281.0,Gasekebuye,35.0,2200592,8873.354838709678
395,2.0,Oui,Oui,Oui,Non,Non,74.0,137.0,Cibitoke,12.0,616713,8333.95945945946
396,2.0,Oui,Oui,Oui,Non,Non,99.0,63.0,Kamenge,5.0,633512,6399.111111111111
397,3.0,Oui,Oui,Non,Oui,Non,144.0,154.0,Cibitoke,13.0,1060181,7362.368055555556
398,2.0,Oui,Oui,Oui,Non,Non,128.0,68.0,Kiriri,36.0,1536788,12006.15625
399,1.0,Oui,Oui,Non,Non,Oui,81.0,264.0,Cibitoke,14.0,460153,5680.901234567901
400,5.0,Oui,Oui,Oui,Non,Non,221.0,197.0,Rohero,3.0,2311703,10460.194570135747
401,4.0,Oui,Non,Oui,Non,Oui,207.0,147.0,Bwiza,20.0,867405,4190.36231884058
402,2.0,Oui,Non,Oui,Oui,Non,116.0,154.0,Nyakabiga,15.0,2494708,21506.103448275862
403,1.0,Non,Non,Oui,Non,Non,47.0,218.0,Kiriri,27.0,663181,14110.234042553191
404,4.0,Oui,Non,Non,Non,Non,174.0,246.0,Nyakabiga,20.0,978257,5622.166666666667
405,5.0,Oui,Oui,Oui,Non,Oui,241.0,213.0,Gasekebuye,3.0,2504289,10391.240663900415
406,4.0,Oui,Oui,Oui,Non,Non,180.0,97.0,Nyakabiga,25.0,1252226,6956.811111111111
407,1.0,Non,Oui,Oui,Non,Non,38.0,146.0,Ngagara,27.0,507985,13368.026315789473
408,6.0,Oui,Oui,Oui,Oui,Non,251.0,116.0,Gihosha,31.0,2462288,9809.91235059761
409,6.0,Oui,Oui,Non,Non,Non,260.0,63.0,Nyakabiga,1.0,1680764,6464.476923076923
410,4.0,Oui,Oui,Oui,Non,Oui,210.0,47.0,Cibitoke,30.0,1229634,5855.4
411,3.0,Oui,Non,Non,Non,Non,153.0,211.0,Kinanira,2.0,1074822,7024.980392156863
412,4.0,Oui,Oui,Non,Non,Oui,197.0,272.0,Cibitoke,7.0,1234057,6264.248730964467
413,2.0,Oui,Non,Oui,Oui,Non,171.0,300.0,Kinanira,23.0,1338887,7829.748538011696
414,2.0,Non,Oui,Non,Non,Non,103.0,122.0,Bwiza,14.0,394031,3825.5436893203882
415,6.0,Oui,Oui,Oui,Non,Oui,287.0,24.0,Nyakabiga,30.0,2600000,9059.233449477351
416,3.0,Non,Oui,Oui,Non,Oui,164.0,226.0,Bwiza,8.0,571904,3487.2195121951218
417,1.0,Oui,Oui,Oui,Non,Non,58.0,170.0,Gasekebuye,38.0,807331,13919.5
418,2.0,Non,Oui,Non,Non,Non,87.0,135.0,Gasekebuye,1.0,969164,11139.816091954022
419,6.0,Oui,Oui,Non,Non,Non,279.0,160.0,Kiriri,7.0,2600000,9318.996415770609
420,5.0,Oui,Oui,Oui,Oui,Non,219.0,188.0,Ngagara,6.0,1734567,7920.397260273972
421,6.0,Oui,Oui,Non,Non,Non,276.0,94.0,Kinanira,38.0,1831063,6634.286231884058
422,2.0,Oui,Oui,Oui,Non,Oui,120.0,154.0,Kiriri,15.0,2291921,19099.341666666667
423,2.0,Oui,Oui,Oui,Non,Non,103.0,17.0,Nyakabiga,34.0,667150,6477.184466019417
424,6.0,Oui,Oui,Oui,Non,Non,301.0,297.0,Rohero,29.0,2600000,8637.873754152824
425,1.0,Oui,Oui,Non,Oui,Oui,81.0,234.0,Gasekebuye,9.0,1656710,20453.20987654321
426,4.0,Oui,Oui,Oui,Non,Non,197.0,296.0,Kinanira,37.0,1266130,6427.055837563452
427,2.0,Oui,Oui,Oui,Non,Oui,102.0,30.0,Bwiza,17.0,550558,5397.6274509803925
428,6.0,Oui,Oui,Oui,Non,Non,273.0,79.0,Cibitoke,4.0,1241076,4546.065934065934
429,6.0,Oui,Oui,Oui,Oui,Non,264.0,154.0,Musaga,28.0,1635774,6196.113636363636
430,3.0,Oui,Oui,Oui,Non,Oui,174.0,152.0,Nyakabiga,38.0,1056394,6071.229885057472
431,4.0,Oui,Oui,Oui,Non,Non,189.0,12.0,Musaga,33.0,951313,5033.402116402116
432,5.0,Oui,Oui,Non,Non,Oui,259.0,33.0,Buyenzi,22.0,889633,3434.876447876448
433,1.0,Oui,Oui,Oui,Non,Non,66.0,300.0,Buyenzi,4.0,268868,4073.757575757576
434,5.0,Oui,Oui,Oui,Non,Oui,255.0,213.0,Cibitoke,29.0,1313016,5149.082352941176
435,4.0,Oui,Oui,Oui,Non,Non,176.0,132.0,Buyenzi,5.0,569998,3238.625
436,4.0,Oui,Non,Non,Oui,Non,164.0,120.0,Gihosha,3.0,1678140,10232.560975609756
437,4.0,Oui,Oui,Non,Non,Non,188.0,148.0,Bwiza,28.0,582680,3099.3617021276596
438,5.0,Oui,Oui,Oui,Oui,Non,208.0,239.0,Gasekebuye,22.0,2580300,12405.288461538461
439,4.0,Oui,Oui,Non,Non,Oui,169.0,11.0,Kiriri,5.0,2568644,15199.076923076924
440,6.0,Oui,Oui,Oui,Non,Oui,305.0,49.0,Ngagara,31.0,1999986,6557.331147540984
441,5.0,Oui,Oui,Oui,Oui,Oui,221.0,243.0,Nyakabiga,17.0,1597434,7228.20814479638
442,4.0,Oui,Non,Oui,Non,Oui,169.0,159.0,Musaga,14.0,981613,5808.360946745562
443,4.0,Oui,Oui,Oui,Oui,Non,266.0,185.0,Cibitoke,20.0,1702764,6401.368421052632
444,3.0,Oui,Non,Oui,Non,Oui,174.0,219.0,Gihosha,31.0,1318338,7576.6551724137935
445,4.0,Oui,Non,Non,Non,Oui,179.0,92.0,Cibitoke,8.0,944078,5274.17877094972
446,5.0,Oui,Oui,Non,Oui,Non,228.0,260.0,Kiriri,36.0,2600000,11403.508771929824
447,2.0,Oui,Oui,Oui,Non,Non,74.0,77.0,Gihosha,9.0,873429,11803.094594594595
448,4.0,Oui,Oui,Oui,Non,Non,193.0,183.0,Jabe,19.0,1065267,5519.518134715026
449,2.0,Oui,Oui,Oui,Non,Oui,75.0,216.0,Bwiza,5.0,596160,7948.8
450,6.0,Oui,Oui,Non,Oui,Oui,302.0,297.0,Buyenzi,2.0,1087533,3601.1026490066224
451,3.0,Oui,Oui,Oui,Non,Non,116.0,238.0,Buyenzi,10.0,395848,3412.4827586206898
452,1.0,Non,Oui,Oui,Non,Non,37.0,154.0,Bwiza,16.0,221451,5985.1621621621625
453,3.0,Non,Oui,Oui,Non,Oui,157.0,227.0,Bwiza,20.0,569075,3624.6815286624205
454,4.0,Oui,Non,Non,Oui,Non,202.0,123.0,Kinanira,3.0,1622245,8030.915841584158
455,2.0,Oui,Oui,Oui,Oui,Non,117.0,268.0,Kinama,3.0,770113,6582.1623931623935
456,2.0,Oui,Non,Oui,Non,Non,80.0,211.0,Bwiza,16.0,286840,3585.5
457,5.0,Oui,Oui,Non,Non,Oui,255.0,99.0,Cibitoke,40.0,1329786,5214.84705882353
458,4.0,Oui,Oui,Oui,Non,Oui,116.0,226.0,Kinanira,18.0,1089805,9394.870689655172
459,5.0,Oui,Oui,Oui,Non,Non,261.0,280.0,Jabe,4.0,1231964,4720.168582375479
460,6.0,Oui,Oui,Oui,Non,Oui,272.0,235.0,Nyakabiga,31.0,1464786,5385.242647058823
461,1.0,Oui,Oui,Oui,Non,Non,79.0,123.0,Kinanira,21.0,919045,11633.481012658227
462,4.0,Oui,Oui,Non,Non,Non,175.0,272.0,Kamenge,20.0,724139,4137.937142857143
463,5.0,Oui,Oui,Oui,Non,Non,235.0,277.0,Buyenzi,34.0,741104,3153.6340425531916
464,1.0,Oui,Non,Oui,Non,Non,35.0,68.0,Kiriri,21.0,1023285,29236.714285714286
465,2.0,Oui,Non,Non,Non,Oui,123.0,15.0,Kamenge,0.0,635416,5165.983739837398
466,2.0,Non,Oui,Non,Non,Non,85.0,102.0,Cibitoke,19.0,435552,5124.141176470588
467,1.0,Oui,Oui,Non,Non,Non,32.0,75.0,Musaga,21.0,296607,9268.96875
468,2.0,Oui,Oui,Oui,Non,Non,73.0,62.0,Musaga,10.0,547994,7506.767123287671
469,6.0,Oui,Oui,Oui,Non,Oui,289.0,294.0,Bwiza,12.0,1022991,3539.7612456747406
470,6.0,Oui,Oui,Non,Non,Oui,253.0,255.0,Nyakabiga,2.0,1519435,6005.671936758893
471,1.0,Non,Oui,Non,Non,Non,80.0,280.0,Kinanira,8.0,538675,6733.4375
472,5.0,Oui,Oui,Oui,Oui,Non,229.0,54.0,Musaga,11.0,1488004,6497.8340611353715
473,5.0,Oui,Oui,Oui,Non,Non,207.0,220.0,Gihosha,22.0,1914672,9249.623188405798
474,1.0,Oui,Oui,Oui,Non,Non,56.0,154.0,Bwiza,13.0,365056,6518.857142857143
475,5.0,Oui,Oui,Non,Non,Non,207.0,275.0,Gihosha,32.0,1633760,7892.56038647343
476,5.0,Oui,Oui,Oui,Non,Non,231.0,88.0,Gasekebuye,17.0,2264817,9804.402597402597
477,6.0,Oui,Oui,Oui,Non,Non,278.0,297.0,Nyakabiga,40.0,1625730,5847.949640287769
478,4.0,Oui,Oui,Oui,Oui,Non,236.0,130.0,Ngagara,8.0,1793307,7598.7584745762715
479,3.0,Oui,Oui,Non,Non,Oui,164.0,300.0,Kiriri,22.0,2294975,13993.75
480,4.0,Oui,Oui,Non,Non,Non,217.0,76.0,Buyenzi,9.0,549844,2533.84331797235
481,2.0,Oui,Non,Oui,Non,Oui,120.0,300.0,Kinanira,18.0,1018714,8489.283333333333
482,3.0,Non,Oui,Non,Non,Non,133.0,240.0,Jabe,4.0,661844,4976.270676691729
483,5.0,Oui,Oui,Non,Non,Non,225.0,60.0,Kiriri,22.0,2600000,11555.555555555555
484,6.0,Oui,Oui,Oui,Non,Oui,254.0,114.0,Bwiza,29.0,1119505,4407.5
485,1.0,Oui,Oui,Oui,Non,Non,42.0,196.0,Cibitoke,24.0,354049,8429.738095238095
486,5.0,Oui,Oui,Oui,Oui,Oui,232.0,97.0,Rohero,27.0,2600000,11206.896551724138
487,6.0,Oui,Oui,Non,Non,Non,291.0,60.0,Rohero,33.0,2562145,8804.621993127148
488,4.0,Oui,Oui,Oui,Non,Non,181.0,64.0,Jabe,24.0,1182846,6535.060773480663
489,5.0,Oui,Oui,Oui,Non,Oui,225.0,142.0,Rohero,9.0,2600000,11555.555555555555
490,4.0,Oui,Oui,Non,Non,Non,30.0,43.0,Musaga,13.0,295927,9864.233333333334
491,6.0,Oui,Oui,Oui,Oui,Non,250.0,32.0,Nyakabiga,29.0,1921167,7684.668
492,6.0,Oui,Oui,Non,Non,Oui,254.0,53.0,Gasekebuye,40.0,2600000,10236.220472440946
493,6.0,Oui,Oui,Oui,Oui,Non,290.0,129.0,Ngagara,24.0,2043228,7045.613793103448
494,4.0,Oui,Oui,Oui,Non,Non,171.0,17.0,Gasekebuye,13.0,1967570,11506.25730994152
495,5.0,Oui,Oui,Non,Non,Non,230.0,40.0,Kinanira,34.0,1558421,6775.74347826087
496,4.0,Oui,Oui,Non,Oui,Oui,205.0,105.0,Kinanira,33.0,1859845,9072.414634146342
497,4.0,Oui,Oui,Oui,Non,Non,103.0,286.0,Ngagara,9.0,867065,8418.106796116504
498,2.0,Oui,Oui,Non,Oui,Non,118.0,90.0,Nyakabiga,34.0,1139022,9652.728813559323
499,5.0,Oui,Oui,Non,Non,Oui,218.0,8.0,Kinanira,10.0,1760321,8074.866972477064
500,4.0,Oui,Oui,Oui,Non,Non,185.0,227.0,Nyakabiga,10.0,1294312,6996.281081081081
501,4.0,Oui,Oui,Oui,Non,Oui,171.0,239.0,Cibitoke,14.0,1190263,6960.602339181287
502,3.0,Oui,Non,Non,Non,Oui,171.0,76.0,Rohero,32.0,1995431,11669.187134502923
503,4.0,Oui,Oui,Non,Oui,Non,194.0,189.0,Nyakabiga,39.0,1208719,6230.51030927835
504,5.0,Oui,Oui,Oui,Non,Oui,257.0,122.0,Gasekebuye,22.0,2451878,9540.381322957199
505,2.0,Oui,Oui,Non,Non,Non,126.0,225.0,Rohero,3.0,1441714,11442.174603174602
506,5.0,Oui,Oui,Oui,Oui,Non,171.0,65.0,Kamenge,15.0,1160062,6783.988304093567
507,5.0,Oui,Oui,Non,Non,Oui,241.0,205.0,Ngagara,4.0,1675700,6953.112033195021
508,4.0,Oui,Oui,Oui,Non,Oui,192.0,277.0,Rohero,17.0,2600000,13541.666666666666
509,6.0,Oui,Oui,Non,Non,Non,276.0,154.0,Kinanira,38.0,1831063,6634.286231884058
510,5.0,Oui,Oui,Oui,Non,Non,241.0,213.0,Gasekebuye,3.0,2504289,10391.240663900415
